-- phpMyAdmin SQL Dump
-- version 4.0.10.7
-- http://www.phpmyadmin.net
--
-- Host: localhost
-- Generation Time: Nov 22, 2015 at 11:47 PM
-- Server version: 10.0.20-MariaDB-cll-lve
-- PHP Version: 5.4.31

SET SQL_MODE = "NO_AUTO_VALUE_ON_ZERO";
SET time_zone = "+00:00";


/*!40101 SET @OLD_CHARACTER_SET_CLIENT=@@CHARACTER_SET_CLIENT */;
/*!40101 SET @OLD_CHARACTER_SET_RESULTS=@@CHARACTER_SET_RESULTS */;
/*!40101 SET @OLD_COLLATION_CONNECTION=@@COLLATION_CONNECTION */;
/*!40101 SET NAMES utf8 */;

--
-- Database: `ptondema_new`
--

-- --------------------------------------------------------

--
-- Table structure for table `areas`
--

CREATE TABLE IF NOT EXISTS `areas` (
  `area_id` int(11) unsigned NOT NULL,
  `area_code` int(4) unsigned NOT NULL,
  `area_name` varchar(50) NOT NULL,
  PRIMARY KEY (`area_id`)
) ENGINE=InnoDB DEFAULT CHARSET=latin1;

--
-- Dumping data for table `areas`
--

INSERT INTO `areas` (`area_id`, `area_code`, `area_name`) VALUES
(7, 6000, 'Perth'),
(8, 6001, 'Perth'),
(9, 6003, 'Highgate'),
(10, 6003, 'Northbridge'),
(11, 6004, 'East Perth'),
(12, 6005, 'Kings Park'),
(13, 6005, 'West Perth'),
(14, 6006, 'North Perth'),
(15, 6007, 'Leederville'),
(16, 6007, 'West Leederville'),
(17, 6008, 'Daglish'),
(18, 6008, 'Shenton Park'),
(19, 6008, 'Subiaco'),
(20, 6008, 'Subiaco East'),
(21, 6009, 'Crawley'),
(22, 6009, 'Dalkeith'),
(23, 6009, 'Nedlands'),
(24, 6009, 'Nedlands Dc'),
(25, 6010, 'Claremont'),
(26, 6010, 'Karrakatta'),
(27, 6010, 'Mount Claremont'),
(28, 6010, 'Swanbourne'),
(29, 6011, 'Cottesloe'),
(30, 6011, 'Peppermint Grove'),
(31, 6012, 'Mosman Park'),
(32, 6014, 'Floreat'),
(33, 6014, 'Floreat Forum'),
(34, 6014, 'Jolimont'),
(35, 6014, 'Wembley'),
(36, 6015, 'City Beach'),
(37, 6016, 'Glendalough'),
(38, 6016, 'Mount Hawthorn'),
(39, 6017, 'Herdsman'),
(40, 6017, 'Osborne Park'),
(41, 6018, 'Churchlands'),
(42, 6018, 'Doubleview'),
(43, 6018, 'Gwelup'),
(44, 6018, 'Innaloo'),
(45, 6018, 'Karrinyup'),
(46, 6018, 'Woodlands'),
(47, 6019, 'Scarborough'),
(48, 6019, 'Wembley Downs'),
(49, 6020, 'Carine'),
(50, 6020, 'Marmion'),
(51, 6020, 'North Beach'),
(52, 6020, 'Sorrento'),
(53, 6020, 'Watermans Bay'),
(54, 6021, 'Balcatta'),
(55, 6021, 'Stirling'),
(56, 6022, 'Hamersley'),
(57, 6023, 'Duncraig'),
(58, 6024, 'Greenwood'),
(59, 6024, 'Warwick'),
(60, 6025, 'Craigie'),
(61, 6025, 'Hillarys'),
(62, 6025, 'Kallaroo'),
(63, 6025, 'Padbury'),
(64, 6026, 'Kingsley'),
(65, 6026, 'Woodvale'),
(66, 6027, 'Beldon'),
(67, 6027, 'Connolly'),
(68, 6027, 'Edgewater'),
(69, 6027, 'Heathridge'),
(70, 6027, 'Joondalup'),
(71, 6027, 'Mullaloo'),
(72, 6027, 'Ocean Reef'),
(73, 6028, 'Burns Beach'),
(74, 6028, 'Currambine'),
(75, 6028, 'Iluka'),
(76, 6028, 'Kinross'),
(77, 6029, 'Trigg'),
(78, 6030, 'Clarkson'),
(79, 6030, 'Merriwa'),
(80, 6030, 'Mindarie'),
(81, 6030, 'Quinns Rocks'),
(82, 6030, 'Ridgewood'),
(83, 6030, 'Tamala Park'),
(84, 6031, 'Banksia Grove'),
(85, 6031, 'Carramar'),
(86, 6031, 'Neerabup'),
(87, 6032, 'Nowergup'),
(88, 6033, 'Carabooda'),
(89, 6034, 'Eglinton'),
(90, 6035, 'Yanchep'),
(91, 6036, 'Butler'),
(92, 6036, 'Jindalee'),
(93, 6037, 'Two Rocks'),
(94, 6038, 'Alkimos'),
(95, 6041, 'Caraban'),
(96, 6041, 'Gabbadah'),
(97, 6041, 'Guilderton'),
(98, 6041, 'Wilbinga'),
(99, 6041, 'Woodridge'),
(100, 6042, 'Seabird'),
(101, 6043, 'Breton Bay'),
(102, 6043, 'Ledge Point'),
(103, 6044, 'Karakin'),
(104, 6044, 'Lancelin'),
(105, 6044, 'Nilgen'),
(106, 6044, 'Wedge Island'),
(107, 6050, 'Coolbinia'),
(108, 6050, 'Menora'),
(109, 6050, 'Mount Lawley'),
(110, 6051, 'Maylands'),
(111, 6052, 'Bedford'),
(112, 6052, 'Inglewood'),
(113, 6053, 'Bayswater'),
(114, 6054, 'Ashfield'),
(115, 6054, 'Bassendean'),
(116, 6054, 'Eden Hill'),
(117, 6054, 'Kiara'),
(118, 6054, 'Lockridge'),
(119, 6055, 'Caversham'),
(120, 6055, 'Guildford'),
(121, 6055, 'Hazelmere'),
(122, 6055, 'Henley Brook'),
(123, 6055, 'South Guildford'),
(124, 6055, 'West Swan'),
(125, 6056, 'Baskerville'),
(126, 6056, 'Bellevue'),
(127, 6056, 'Boya'),
(128, 6056, 'Greenmount'),
(129, 6056, 'Helena Valley'),
(130, 6056, 'Herne Hill'),
(131, 6056, 'Jane Brook'),
(132, 6056, 'Koongamia'),
(133, 6056, 'Middle Swan'),
(134, 6056, 'Midland'),
(135, 6056, 'Midvale'),
(136, 6056, 'Millendon'),
(137, 6056, 'Red Hill'),
(138, 6056, 'Stratton'),
(139, 6056, 'Swan View'),
(140, 6056, 'Viveash'),
(141, 6056, 'Woodbridge'),
(142, 6057, 'High Wycombe'),
(143, 6057, 'Maida Vale'),
(144, 6058, 'Forrestfield'),
(145, 6059, 'Dianella'),
(146, 6060, 'Joondanna'),
(147, 6060, 'Tuart Hill'),
(148, 6060, 'Yokine'),
(149, 6061, 'Balga'),
(150, 6061, 'Mirrabooka'),
(151, 6061, 'Nollamara'),
(152, 6061, 'Westminster'),
(153, 6062, 'Embleton'),
(154, 6062, 'Morley'),
(155, 6062, 'Noranda'),
(156, 6063, 'Beechboro'),
(157, 6064, 'Alexander Heights'),
(158, 6064, 'Girrawheen'),
(159, 6064, 'Koondoola'),
(160, 6064, 'Marangaroo'),
(161, 6065, 'Ashby'),
(162, 6065, 'Darch'),
(163, 6065, 'Gnangara'),
(164, 6065, 'Hocking'),
(165, 6065, 'Jandabup'),
(166, 6065, 'Landsdale'),
(167, 6065, 'Lexia'),
(168, 6065, 'Madeley'),
(169, 6065, 'Mariginiup'),
(170, 6065, 'Melaleuca'),
(171, 6065, 'Pearsall'),
(172, 6065, 'Pinjar'),
(173, 6065, 'Sinagra'),
(174, 6065, 'Tapping'),
(175, 6065, 'Wangara'),
(176, 6065, 'Wangara Dc'),
(177, 6065, 'Wanneroo'),
(178, 6066, 'Ballajura'),
(179, 6067, 'Cullacabardee'),
(180, 6068, 'Whiteman'),
(181, 6069, 'Belhus'),
(182, 6069, 'Brigadoon'),
(183, 6069, 'Ellenbrook'),
(184, 6069, 'The Vines'),
(185, 6069, 'Upper Swan'),
(186, 6070, 'Darlington'),
(187, 6071, 'Glen Forrest'),
(188, 6071, 'Hovea'),
(189, 6072, 'Mahogany Creek'),
(190, 6073, 'Mundaring'),
(191, 6073, 'Mundaring Dc'),
(192, 6073, 'Mundaring Weir'),
(193, 6074, 'Sawyers Valley'),
(194, 6076, 'Bickley'),
(195, 6076, 'Carmel'),
(196, 6076, 'Gooseberry Hill'),
(197, 6076, 'Hacketts Gully'),
(198, 6076, 'Kalamunda'),
(199, 6076, 'Lesmurdie'),
(200, 6076, 'Paulls Valley'),
(201, 6076, 'Pickering Brook'),
(202, 6076, 'Piesse Brook'),
(203, 6076, 'Reservoir'),
(204, 6076, 'Walliston'),
(205, 6076, 'Walliston Dc'),
(206, 6077, 'Gnangara'),
(207, 6077, 'Jandabup'),
(208, 6078, 'Mariginiup'),
(209, 6078, 'Pinjar'),
(210, 6081, 'Parkerville'),
(211, 6081, 'Stoneville'),
(212, 6082, 'Bailup'),
(213, 6082, 'Mount Helena'),
(214, 6083, 'Gidgegannup'),
(215, 6083, 'Morangup'),
(216, 6084, 'Avon Valley National Park'),
(217, 6084, 'Bullsbrook'),
(218, 6084, 'Chittering'),
(219, 6084, 'Lower Chittering'),
(220, 6084, 'Walyunga National Park'),
(221, 6090, 'Malaga'),
(222, 6100, 'Burswood'),
(223, 6100, 'Lathlain'),
(224, 6100, 'Victoria Park'),
(225, 6101, 'Carlisle'),
(226, 6101, 'Carlisle North'),
(227, 6101, 'Carlisle South'),
(228, 6101, 'East Victoria Park'),
(229, 6102, 'Bentley'),
(230, 6102, 'St James'),
(231, 6103, 'Rivervale'),
(232, 6104, 'Ascot'),
(233, 6104, 'Belmont'),
(234, 6104, 'Redcliffe'),
(235, 6105, 'Cloverdale'),
(236, 6105, 'Kewdale'),
(237, 6105, 'Perth Airport'),
(238, 6106, 'Welshpool'),
(239, 6107, 'Beckenham'),
(240, 6107, 'Cannington'),
(241, 6107, 'East Cannington'),
(242, 6107, 'Kenwick'),
(243, 6107, 'Queens Park'),
(244, 6107, 'Wattle Grove'),
(245, 6107, 'Wilson'),
(246, 6108, 'Thornlie'),
(247, 6109, 'Maddington'),
(248, 6109, 'Orange Grove'),
(249, 6110, 'Gosnells'),
(250, 6110, 'Huntingdale'),
(251, 6110, 'Martin'),
(252, 6110, 'Southern River'),
(253, 6111, 'Canning Mills'),
(254, 6111, 'Champion Lakes'),
(255, 6111, 'Illawarra'),
(256, 6111, 'Karragullen'),
(257, 6111, 'Kelmscott'),
(258, 6111, 'Kelmscott Dc'),
(259, 6111, 'Roleystone'),
(260, 6111, 'Westfield'),
(261, 6112, 'Armadale'),
(262, 6112, 'Bedfordale'),
(263, 6112, 'Brookdale'),
(264, 6112, 'Forrestdale'),
(265, 6112, 'Mount Nasura'),
(266, 6112, 'Mount Richon'),
(267, 6112, 'Seville Grove'),
(268, 6112, 'Wungong'),
(269, 6121, 'Oakford'),
(270, 6121, 'Oldbury'),
(271, 6122, 'Byford'),
(272, 6122, 'Cardup'),
(273, 6122, 'Darling Downs'),
(274, 6122, 'Karrakup'),
(275, 6123, 'Mundijong'),
(276, 6123, 'Whitby'),
(277, 6124, 'Jarrahdale'),
(278, 6125, 'Hopeland'),
(279, 6125, 'Mardella'),
(280, 6125, 'Serpentine'),
(281, 6126, 'Keysbrook'),
(282, 6147, 'Langford'),
(283, 6147, 'Lynwood'),
(284, 6147, 'Parkwood'),
(285, 6148, 'Ferndale'),
(286, 6148, 'Riverton'),
(287, 6148, 'Rossmoyne'),
(288, 6148, 'Shelley'),
(289, 6149, 'Bull Creek'),
(290, 6149, 'Leeming'),
(291, 6150, 'Bateman'),
(292, 6150, 'Murdoch'),
(293, 6150, 'Winthrop'),
(294, 6151, 'Kensington'),
(295, 6151, 'South Perth'),
(296, 6152, 'Como'),
(297, 6152, 'Karawara'),
(298, 6152, 'Manning'),
(299, 6152, 'Salter Point'),
(300, 6152, 'Waterford'),
(301, 6153, 'Applecross'),
(302, 6153, 'Ardross'),
(303, 6153, 'Brentwood'),
(304, 6153, 'Mount Pleasant'),
(305, 6154, 'Alfred Cove'),
(306, 6154, 'Booragoon'),
(307, 6154, 'Myaree'),
(308, 6155, 'Canning Vale'),
(309, 6155, 'Willetton'),
(310, 6156, 'Attadale'),
(311, 6156, 'Melville'),
(312, 6156, 'Willagee'),
(313, 6157, 'Bicton'),
(314, 6157, 'Palmyra'),
(315, 6157, 'Palmyra Dc'),
(316, 6158, 'East Fremantle'),
(317, 6159, 'North Fremantle'),
(318, 6160, 'Fremantle'),
(319, 6161, 'Rottnest Island'),
(320, 6162, 'Beaconsfield'),
(321, 6162, 'South Fremantle'),
(322, 6162, 'White Gum Valley'),
(323, 6163, 'Bibra Lake'),
(324, 6163, 'Bibra Lake Dc'),
(325, 6163, 'Coolbellup'),
(326, 6163, 'Hamilton Hill'),
(327, 6163, 'Hilton'),
(328, 6163, 'Kardinya'),
(329, 6163, 'North Lake'),
(330, 6163, 'O''connor'),
(331, 6163, 'Samson'),
(332, 6163, 'Spearwood'),
(333, 6164, 'Atwell'),
(334, 6164, 'Aubin Grove'),
(335, 6164, 'Banjup'),
(336, 6164, 'Beeliar'),
(337, 6164, 'Hammond Park'),
(338, 6164, 'Jandakot'),
(339, 6164, 'South Lake'),
(340, 6164, 'Success'),
(341, 6164, 'Yangebup'),
(342, 6165, 'Hope Valley'),
(343, 6165, 'Naval Base'),
(344, 6166, 'Coogee'),
(345, 6166, 'Henderson'),
(346, 6166, 'Munster'),
(347, 6166, 'Wattleup'),
(348, 6167, 'Anketell'),
(349, 6167, 'Bertram'),
(350, 6167, 'Calista'),
(351, 6167, 'Casuarina'),
(352, 6167, 'Kwinana Beach'),
(353, 6167, 'Kwinana Town Centre'),
(354, 6167, 'Mandogalup'),
(355, 6167, 'Medina'),
(356, 6167, 'Orelia'),
(357, 6167, 'Parmelia'),
(358, 6167, 'Postans'),
(359, 6167, 'The Spectacles'),
(360, 6167, 'Wandi'),
(361, 6168, 'Cooloongup'),
(362, 6168, 'East Rockingham'),
(363, 6168, 'Garden Island'),
(364, 6168, 'Hillman'),
(365, 6168, 'Peron'),
(366, 6168, 'Rockingham'),
(367, 6168, 'Rockingham Dc'),
(368, 6169, 'Safety Bay'),
(369, 6169, 'Shoalwater'),
(370, 6169, 'Waikiki'),
(371, 6169, 'Warnbro'),
(372, 6170, 'Leda'),
(373, 6170, 'Wellard'),
(374, 6171, 'Baldivis'),
(375, 6172, 'Port Kennedy'),
(376, 6173, 'Secret Harbour'),
(377, 6174, 'Golden Bay'),
(378, 6175, 'Singleton'),
(379, 6176, 'Karnup'),
(380, 6180, 'Lakelands'),
(381, 6180, 'Parklands'),
(382, 6181, 'Stake Hill'),
(383, 6207, 'Myara'),
(384, 6207, 'Nambeelup'),
(385, 6207, 'North Dandalup'),
(386, 6207, 'Solus'),
(387, 6207, 'Whittaker'),
(388, 6208, 'Blythewood'),
(389, 6208, 'Fairbridge'),
(390, 6208, 'Meelon'),
(391, 6208, 'Nirimba'),
(392, 6208, 'North Yunderup'),
(393, 6208, 'Oakley'),
(394, 6208, 'Pinjarra'),
(395, 6208, 'Point Grey'),
(396, 6208, 'Ravenswood'),
(397, 6208, 'South Yunderup'),
(398, 6208, 'West Pinjarra'),
(399, 6210, 'Barragup'),
(400, 6210, 'Bouvard'),
(401, 6210, 'Clifton'),
(402, 6210, 'Coodanup'),
(403, 6210, 'Dawesville'),
(404, 6210, 'Dudley Park'),
(405, 6210, 'Erskine'),
(406, 6210, 'Falcon'),
(407, 6210, 'Furnissdale'),
(408, 6210, 'Greenfields'),
(409, 6210, 'Halls Head'),
(410, 6210, 'Herron'),
(411, 6210, 'Lakelands'),
(412, 6210, 'Madora Bay'),
(413, 6210, 'Mandurah'),
(414, 6210, 'Mandurah Dc'),
(415, 6210, 'Meadow Springs'),
(416, 6210, 'Parklands'),
(417, 6210, 'San Remo'),
(418, 6210, 'Silver Sands'),
(419, 6210, 'Stake Hill'),
(420, 6210, 'Wannanup'),
(421, 6213, 'Banksiadale'),
(422, 6213, 'Dwellingup'),
(423, 6213, 'Etmilyn'),
(424, 6213, 'Holyoake'),
(425, 6213, 'Inglehope'),
(426, 6213, 'Marrinup'),
(427, 6213, 'Teesdale'),
(428, 6214, 'Birchmont'),
(429, 6214, 'Coolup'),
(430, 6214, 'West Coolup'),
(431, 6215, 'Hamel'),
(432, 6215, 'Lake Clifton'),
(433, 6215, 'Nanga Brook'),
(434, 6215, 'Preston Beach'),
(435, 6215, 'Wagerup'),
(436, 6215, 'Waroona'),
(437, 6218, 'Yarloop'),
(438, 6220, 'Cookernup'),
(439, 6220, 'Harvey'),
(440, 6220, 'Hoffman'),
(441, 6220, 'Myalup'),
(442, 6220, 'Uduc'),
(443, 6220, 'Warawarrup'),
(444, 6221, 'Mornington'),
(445, 6221, 'Wokalup'),
(446, 6223, 'Benger'),
(447, 6224, 'Beela'),
(448, 6224, 'Brunswick'),
(449, 6225, 'Allanson'),
(450, 6225, 'Bowelling'),
(451, 6225, 'Buckingham'),
(452, 6225, 'Cardiff'),
(453, 6225, 'Collie'),
(454, 6225, 'Collie Burn'),
(455, 6225, 'Harris River'),
(456, 6225, 'Lyalls Mill'),
(457, 6225, 'Mcalinden'),
(458, 6225, 'Muja'),
(459, 6225, 'Mumballup'),
(460, 6225, 'Mungalup'),
(461, 6225, 'Noggerup'),
(462, 6225, 'Palmer'),
(463, 6225, 'Preston Settlement'),
(464, 6225, 'Shotts'),
(465, 6225, 'Worsley'),
(466, 6225, 'Yourdamung Lake'),
(467, 6226, 'Roelands'),
(468, 6227, 'Burekup'),
(469, 6228, 'Waterloo'),
(470, 6229, 'Picton'),
(471, 6229, 'Picton East'),
(472, 6230, 'Bunbury'),
(473, 6230, 'Carey Park'),
(474, 6230, 'College Grove'),
(475, 6230, 'Dalyellup'),
(476, 6230, 'Davenport'),
(477, 6230, 'East Bunbury'),
(478, 6230, 'Gelorup'),
(479, 6230, 'Glen Iris'),
(480, 6230, 'Pelican Point'),
(481, 6230, 'South Bunbury'),
(482, 6230, 'Usher'),
(483, 6230, 'Vittoria'),
(484, 6230, 'Withers'),
(485, 6231, 'Bunbury'),
(486, 6232, 'Eaton'),
(487, 6232, 'Millbridge'),
(488, 6233, 'Australind'),
(489, 6233, 'Binningup'),
(490, 6233, 'Leschenault'),
(491, 6233, 'Parkfield'),
(492, 6233, 'Wellesley'),
(493, 6236, 'Crooked Brook'),
(494, 6236, 'Dardanup'),
(495, 6236, 'Dardanup West'),
(496, 6236, 'Ferguson'),
(497, 6236, 'Henty'),
(498, 6236, 'Paradise'),
(499, 6236, 'Wellington Forest'),
(500, 6236, 'Wellington Mill'),
(501, 6237, 'Boyanup'),
(502, 6237, 'Elgin'),
(503, 6237, 'Gwindinup'),
(504, 6237, 'North Boyanup'),
(505, 6237, 'Stratham'),
(506, 6237, 'The Plains'),
(507, 6239, 'Argyle'),
(508, 6239, 'Beelerup'),
(509, 6239, 'Brookhampton'),
(510, 6239, 'Charley Creek'),
(511, 6239, 'Donnybrook'),
(512, 6239, 'Glen Mervyn'),
(513, 6239, 'Paynedale'),
(514, 6239, 'Queenwood'),
(515, 6239, 'Thomson Brook'),
(516, 6239, 'Upper Capel'),
(517, 6239, 'Yabberup'),
(518, 6240, 'Lowden'),
(519, 6243, 'Wilga'),
(520, 6243, 'Wilga West'),
(521, 6244, 'Boyup Brook'),
(522, 6244, 'Chowerup'),
(523, 6244, 'Dinninup'),
(524, 6244, 'Kulikup'),
(525, 6244, 'Mayanup'),
(526, 6244, 'Scotts Brook'),
(527, 6244, 'Tonebridge'),
(528, 6251, 'Brazier'),
(529, 6251, 'Kirup'),
(530, 6251, 'Newlands'),
(531, 6252, 'Mullalyup'),
(532, 6253, 'Balingup'),
(533, 6253, 'Grimwade'),
(534, 6253, 'Southampton'),
(535, 6254, 'Greenbushes'),
(536, 6254, 'North Greenbushes'),
(537, 6254, 'Benjinup'),
(538, 6254, 'Bridgetown'),
(539, 6254, 'Catterick'),
(540, 6254, 'Hester'),
(541, 6254, 'Hester Brook'),
(542, 6254, 'Kangaroo Gully'),
(543, 6254, 'Winnejup'),
(544, 6256, 'Glenlynn'),
(545, 6256, 'Kingston'),
(546, 6256, 'Maranup'),
(547, 6256, 'Sunnyside'),
(548, 6256, 'Wandillup'),
(549, 6256, 'Yornup'),
(550, 6258, 'Balbarrup'),
(551, 6258, 'Crowea'),
(552, 6258, 'Deanmill'),
(553, 6258, 'Diamond Tree'),
(554, 6258, 'Dingup'),
(555, 6258, 'Dixvale'),
(556, 6258, 'Donnelly River'),
(557, 6258, 'Glenoran'),
(558, 6258, 'Jardee'),
(559, 6258, 'Lake Muir'),
(560, 6258, 'Linfarne'),
(561, 6258, 'Manjimup'),
(562, 6258, 'Middlesex'),
(563, 6258, 'Mordalup'),
(564, 6258, 'Nyamup'),
(565, 6258, 'Palgarup'),
(566, 6258, 'Perup'),
(567, 6258, 'Quinninup'),
(568, 6258, 'Ringbark'),
(569, 6258, 'Shannon River Mill'),
(570, 6258, 'Smith Brook'),
(571, 6258, 'Upper Warren'),
(572, 6258, 'Wilgarrup'),
(573, 6258, 'Yanmah'),
(574, 6260, 'Beedelup'),
(575, 6260, 'Biddelia'),
(576, 6260, 'Callcup'),
(577, 6260, 'Channybearup'),
(578, 6260, 'Collins'),
(579, 6260, 'Collins Siding'),
(580, 6260, 'Eastbrook'),
(581, 6260, 'Lake Jasper'),
(582, 6260, 'Peerabeelup'),
(583, 6260, 'Pemberton'),
(584, 6260, 'Yeagarup'),
(585, 6262, 'Boorara Brook'),
(586, 6262, 'Meerup'),
(587, 6262, 'Northcliffe'),
(588, 6262, 'Shannon'),
(589, 6262, 'Windy Harbour'),
(590, 6271, 'Capel'),
(591, 6271, 'Capel River'),
(592, 6271, 'Forrest Beach'),
(593, 6271, 'Peppermint Grove Beach'),
(594, 6271, 'Stirling Estate'),
(595, 6275, 'Barrabup'),
(596, 6275, 'Carlotta'),
(597, 6275, 'Cundinup'),
(598, 6275, 'Darradup'),
(599, 6275, 'East Nannup'),
(600, 6275, 'Jalbarragup'),
(601, 6275, 'Jarrahwood'),
(602, 6275, 'Nannup'),
(603, 6275, 'Scott River East'),
(604, 6275, 'Yoganup'),
(605, 6280, 'Abba River'),
(606, 6280, 'Abbey'),
(607, 6280, 'Acton Park'),
(608, 6280, 'Ambergate'),
(609, 6280, 'Anniebrook'),
(610, 6280, 'Boallia'),
(611, 6280, 'Bovell'),
(612, 6280, 'Broadwater'),
(613, 6280, 'Busselton'),
(614, 6280, 'Carbunup River'),
(615, 6280, 'Chapman Hill'),
(616, 6280, 'Geographe'),
(617, 6280, 'Hithergreen'),
(618, 6280, 'Jindong'),
(619, 6280, 'Kalgup'),
(620, 6280, 'Kaloorup'),
(621, 6280, 'Kealy'),
(622, 6280, 'Ludlow'),
(623, 6280, 'Marybrook'),
(624, 6280, 'Metricup'),
(625, 6280, 'North Jindong'),
(626, 6280, 'Reinscourt'),
(627, 6280, 'Ruabon'),
(628, 6280, 'Sabina River'),
(629, 6280, 'Siesta Park'),
(630, 6280, 'Tutunup'),
(631, 6280, 'Vasse'),
(632, 6280, 'Walsall'),
(633, 6280, 'West Busselton'),
(634, 6280, 'Wilyabrup'),
(635, 6280, 'Wonnerup'),
(636, 6280, 'Yalyalup'),
(637, 6280, 'Yelverton'),
(638, 6280, 'Yoongarillup'),
(639, 6281, 'Dunsborough'),
(640, 6281, 'Eagle Bay'),
(641, 6281, 'Naturaliste'),
(642, 6281, 'Quedjinup'),
(643, 6281, 'Quindalup'),
(644, 6282, 'Yallingup'),
(645, 6282, 'Yallingup Siding'),
(646, 6284, 'Baudin'),
(647, 6284, 'Cowaramup'),
(648, 6284, 'Gracetown'),
(649, 6284, 'Treeton'),
(650, 6285, 'Bramley'),
(651, 6285, 'Burnside'),
(652, 6285, 'Gnarabup'),
(653, 6285, 'Margaret River'),
(654, 6285, 'Osmington'),
(655, 6285, 'Prevelly'),
(656, 6285, 'Rosa Brook'),
(657, 6285, 'Rosa Glen'),
(658, 6285, 'Schroeder'),
(659, 6286, 'Boranup'),
(660, 6286, 'Forest Grove'),
(661, 6286, 'Redgate'),
(662, 6286, 'Witchcliffe'),
(663, 6288, 'Alexandra Bridge'),
(664, 6288, 'Courtenay'),
(665, 6288, 'Hamelin Bay'),
(666, 6288, 'Karridale'),
(667, 6288, 'Nillup'),
(668, 6288, 'Scott River'),
(669, 6288, 'Warner Glen'),
(670, 6290, 'Augusta'),
(671, 6290, 'Deepdene'),
(672, 6290, 'East Augusta'),
(673, 6290, 'Kudardup'),
(674, 6290, 'Leeuwin'),
(675, 6290, 'Molloy Island'),
(676, 6302, 'Badgin'),
(677, 6302, 'Balladong'),
(678, 6302, 'Burges'),
(679, 6302, 'Caljie'),
(680, 6302, 'Cold Harbour'),
(681, 6302, 'Daliak'),
(682, 6302, 'Flint'),
(683, 6302, 'Flynn'),
(684, 6302, 'Gilgering'),
(685, 6302, 'Greenhills'),
(686, 6302, 'Gwambygine'),
(687, 6302, 'Inkpen'),
(688, 6302, 'Kauring'),
(689, 6302, 'Malebelling'),
(690, 6302, 'Mount Hardey'),
(691, 6302, 'Mount Observation'),
(692, 6302, 'Narraloggan'),
(693, 6302, 'Quellington'),
(694, 6302, 'St Ronans'),
(695, 6302, 'Talbot'),
(696, 6302, 'Talbot West'),
(697, 6302, 'Wilberforce'),
(698, 6302, 'York'),
(699, 6304, 'Bally Bally'),
(700, 6304, 'Beverley'),
(701, 6304, 'Dale'),
(702, 6304, 'East Beverley'),
(703, 6304, 'Kokeby'),
(704, 6304, 'Morbinning'),
(705, 6304, 'Westdale'),
(706, 6306, 'Aldersyde'),
(707, 6306, 'Brookton'),
(708, 6306, 'Bulyee'),
(709, 6306, 'Jelcobine'),
(710, 6306, 'Kweda'),
(711, 6308, 'Codjatotine'),
(712, 6308, 'Dwarda'),
(713, 6308, 'East Pingelly'),
(714, 6308, 'Gillimanning'),
(715, 6308, 'Hastings'),
(716, 6308, 'Pingelly'),
(717, 6308, 'Pumphreys Bridge'),
(718, 6308, 'Springs'),
(719, 6308, 'Wandering'),
(720, 6308, 'West Pingelly'),
(721, 6309, 'East Popanyinning'),
(722, 6309, 'Popanyinning'),
(723, 6309, 'Stratherne'),
(724, 6309, 'West Popanyinning'),
(725, 6311, 'Commodine'),
(726, 6311, 'Contine'),
(727, 6311, 'Cuballing'),
(728, 6311, 'Dryandra'),
(729, 6311, 'Lol Gray'),
(730, 6311, 'Townsendale'),
(731, 6311, 'Wardering'),
(732, 6311, 'Yornaning'),
(733, 6312, 'Boundain'),
(734, 6312, 'Dumberning'),
(735, 6312, 'Hillside'),
(736, 6312, 'Minigin'),
(737, 6312, 'Narrogin'),
(738, 6312, 'Narrogin Valley'),
(739, 6312, 'Nomans Lake'),
(740, 6312, 'Toolibin'),
(741, 6312, 'Yilliminning'),
(742, 6313, 'Highbury'),
(743, 6315, 'Arthur River'),
(744, 6315, 'Ballaying'),
(745, 6315, 'Cancanning'),
(746, 6315, 'Collanilling'),
(747, 6315, 'Dongolocking'),
(748, 6315, 'Gundaring'),
(749, 6315, 'Jaloran'),
(750, 6315, 'Lime Lake'),
(751, 6315, 'Minding'),
(752, 6315, 'Piesseville'),
(753, 6315, 'Wagin'),
(754, 6315, 'Wedgecarrup'),
(755, 6316, 'Boyerine'),
(756, 6316, 'Cartmeticup'),
(757, 6316, 'Glencoe'),
(758, 6316, 'Kenmare'),
(759, 6316, 'Westwood'),
(760, 6316, 'Woodanilling'),
(761, 6317, 'Badgebup'),
(762, 6317, 'Bullock Hills'),
(763, 6317, 'Carrolup'),
(764, 6317, 'Coblinine'),
(765, 6317, 'Coyrecup'),
(766, 6317, 'Datatine'),
(767, 6317, 'Ewlyamartup'),
(768, 6317, 'Katanning'),
(769, 6317, 'Marracoonda'),
(770, 6317, 'Moojebing'),
(771, 6317, 'Murdong'),
(772, 6317, 'Pinwernying'),
(773, 6317, 'South Datatine'),
(774, 6317, 'South Glencoe'),
(775, 6318, 'Broomehill'),
(776, 6318, 'Broomehill East'),
(777, 6318, 'Broomehill Village'),
(778, 6318, 'Broomehill West'),
(779, 6320, 'Bobalong'),
(780, 6320, 'Borderdale'),
(781, 6320, 'Dartnall'),
(782, 6320, 'Lake Toolbrunup'),
(783, 6320, 'Moonies Hill'),
(784, 6320, 'Tambellup'),
(785, 6320, 'Wansbrough'),
(786, 6321, 'Cranbrook'),
(787, 6322, 'Tenterden'),
(788, 6323, 'Kendenup'),
(789, 6324, 'Denbarker'),
(790, 6324, 'Forest Hill'),
(791, 6324, 'Mount Barker'),
(792, 6324, 'Perillup'),
(793, 6324, 'Porongurup'),
(794, 6324, 'South Stirling'),
(795, 6324, 'Takalarup'),
(796, 6324, 'Woogenellup'),
(797, 6326, 'Narrikup'),
(798, 6327, 'Redmond'),
(799, 6327, 'Redmond West'),
(800, 6328, 'Cape Riche'),
(801, 6328, 'Cheynes'),
(802, 6328, 'Gnowellen'),
(803, 6328, 'Green Range'),
(804, 6328, 'Kojaneerup South'),
(805, 6328, 'Manypeaks'),
(806, 6328, 'Palmdale'),
(807, 6328, 'Wellstead'),
(808, 6330, 'Albany'),
(809, 6330, 'Bayonet Head'),
(810, 6330, 'Big Grove'),
(811, 6330, 'Bornholm'),
(812, 6330, 'Centennial Park'),
(813, 6330, 'Collingwood Heights'),
(814, 6330, 'Collingwood Park'),
(815, 6330, 'Cuthbert'),
(816, 6330, 'Drome'),
(817, 6330, 'Elleker'),
(818, 6330, 'Emu Point'),
(819, 6330, 'Frenchman Bay'),
(820, 6330, 'Gledhow'),
(821, 6330, 'Goode Beach'),
(822, 6330, 'Green Valley'),
(823, 6330, 'Kalgan'),
(824, 6330, 'King River'),
(825, 6330, 'Kronkup'),
(826, 6330, 'Lange'),
(827, 6330, 'Little Grove'),
(828, 6330, 'Lockyer'),
(829, 6330, 'Lower King'),
(830, 6330, 'Lowlands'),
(831, 6330, 'Marbelup'),
(832, 6330, 'Mckail'),
(833, 6330, 'Middleton Beach'),
(834, 6330, 'Millbrook'),
(835, 6330, 'Milpara'),
(836, 6330, 'Mira Mar'),
(837, 6330, 'Mount Clarence'),
(838, 6330, 'Mount Elphinstone'),
(839, 6330, 'Mount Melville'),
(840, 6330, 'Nanarup'),
(841, 6330, 'Napier'),
(842, 6330, 'Nullaki'),
(843, 6330, 'Orana'),
(844, 6330, 'Port Albany'),
(845, 6330, 'Robinson'),
(846, 6330, 'Sandpatch'),
(847, 6330, 'Seppings'),
(848, 6330, 'Spencer Park'),
(849, 6330, 'Torbay'),
(850, 6330, 'Torndirrup'),
(851, 6330, 'Vancouver Peninsula'),
(852, 6330, 'Walmsley'),
(853, 6330, 'Warrenup'),
(854, 6330, 'West Cape Howe'),
(855, 6330, 'Willyung'),
(856, 6330, 'Yakamia'),
(857, 6330, 'Youngs Siding'),
(858, 6332, 'Albany'),
(859, 6333, 'Bow Bridge'),
(860, 6333, 'Denmark'),
(861, 6333, 'Hay'),
(862, 6333, 'Hazelvale'),
(863, 6333, 'Kentdale'),
(864, 6333, 'Kordabup'),
(865, 6333, 'Mount Lindesay'),
(866, 6333, 'Mount Romance'),
(867, 6333, 'Nornalup'),
(868, 6333, 'Ocean Beach'),
(869, 6333, 'Parryville'),
(870, 6333, 'Peaceful Bay'),
(871, 6333, 'Scotsdale'),
(872, 6333, 'Shadforth'),
(873, 6333, 'Tingledale'),
(874, 6333, 'Trent'),
(875, 6333, 'William Bay'),
(876, 6335, 'Gnowangerup'),
(877, 6335, 'Jackitup'),
(878, 6335, 'Kebaringup'),
(879, 6335, 'Pallinup'),
(880, 6336, 'Cowalellup'),
(881, 6336, 'Mills Lake'),
(882, 6336, 'Mindarabin'),
(883, 6336, 'Needilup'),
(884, 6336, 'Ongerup'),
(885, 6336, 'Toompup'),
(886, 6337, 'Fitzgerald'),
(887, 6337, 'Gairdner'),
(888, 6337, 'Jacup'),
(889, 6337, 'Jerramungup'),
(890, 6337, 'West Fitzgerald'),
(891, 6338, 'Amelup'),
(892, 6338, 'Borden'),
(893, 6338, 'Boxwood Hill'),
(894, 6338, 'Bremer Bay'),
(895, 6338, 'Magitup'),
(896, 6338, 'Monjebup'),
(897, 6338, 'Nalyerlup'),
(898, 6338, 'North Stirlings'),
(899, 6338, 'Stirling Range National Park'),
(900, 6341, 'Nyabing'),
(901, 6343, 'Pingrup'),
(902, 6346, 'Fitzgerald River National Park'),
(903, 6346, 'Jerdacuttup'),
(904, 6346, 'Ravensthorpe'),
(905, 6346, 'West River'),
(906, 6348, 'Hopetoun'),
(907, 6350, 'Dumbleyung'),
(908, 6350, 'Nairibin'),
(909, 6350, 'Nippering'),
(910, 6351, 'Moulyinning'),
(911, 6351, 'North Moulyinning'),
(912, 6352, 'Kukerin'),
(913, 6352, 'Merilup'),
(914, 6352, 'North Kukerin'),
(915, 6352, 'South Kukerin'),
(916, 6353, 'Beenong'),
(917, 6353, 'Buniche'),
(918, 6353, 'Kuender'),
(919, 6353, 'Lake Grace'),
(920, 6353, 'Mallee Hill'),
(921, 6353, 'Neendaling'),
(922, 6353, 'North Burngup'),
(923, 6353, 'North Lake Grace'),
(924, 6353, 'South Lake Grace'),
(925, 6353, 'Tarin Rock'),
(926, 6355, 'Dunn Rock'),
(927, 6355, 'East Newdegate'),
(928, 6355, 'Holt Rock'),
(929, 6355, 'Lake Biddy'),
(930, 6355, 'Lake Camm'),
(931, 6355, 'Little Italy'),
(932, 6355, 'Magenta'),
(933, 6355, 'Mount Sheridan'),
(934, 6355, 'Newdegate'),
(935, 6355, 'South Newdegate'),
(936, 6355, 'Varley'),
(937, 6356, 'Lake King'),
(938, 6356, 'Mount Madden'),
(939, 6357, 'Pingaring'),
(940, 6358, 'Karlgarin'),
(941, 6359, 'Forrestania'),
(942, 6359, 'Hyden'),
(943, 6361, 'Harrismith'),
(944, 6361, 'Tincurrin'),
(945, 6363, 'Dudinin'),
(946, 6363, 'Walyurin'),
(947, 6365, 'Jilakin'),
(948, 6365, 'Jitarning'),
(949, 6365, 'Kulin'),
(950, 6365, 'Kulin West'),
(951, 6367, 'Bendering'),
(952, 6367, 'Kondinin'),
(953, 6368, 'South Kumminin'),
(954, 6369, 'Emu Hill'),
(955, 6369, 'Mount Walker'),
(956, 6369, 'Narembeen'),
(957, 6369, 'Wadderin'),
(958, 6369, 'West Holleton'),
(959, 6369, 'Woolocutty'),
(960, 6370, 'East Wickepin'),
(961, 6370, 'Kirk Rock'),
(962, 6370, 'Malyalling'),
(963, 6370, 'Wickepin'),
(964, 6370, 'Wogolin'),
(965, 6372, 'Yealering'),
(966, 6373, 'Bullaring'),
(967, 6375, 'Adamsvale'),
(968, 6375, 'Bilbarin'),
(969, 6375, 'Corrigin'),
(970, 6375, 'Gorge Rock'),
(971, 6375, 'Kunjin'),
(972, 6375, 'Kurrenkutten'),
(973, 6383, 'Badjaling'),
(974, 6383, 'Balkuling'),
(975, 6383, 'Cubbine'),
(976, 6383, 'Dangin'),
(977, 6383, 'Doodenanning'),
(978, 6383, 'Dulbelling'),
(979, 6383, 'Mawson'),
(980, 6383, 'Mount Stirling'),
(981, 6383, 'Quairading'),
(982, 6383, 'South Caroling'),
(983, 6383, 'South Quairading'),
(984, 6383, 'Wamenusking'),
(985, 6383, 'Yoting'),
(986, 6384, 'Pantapin'),
(987, 6385, 'Kwolyin'),
(988, 6386, 'Shackleton'),
(989, 6390, 'Bannister'),
(990, 6390, 'Boddington'),
(991, 6390, 'Crossman'),
(992, 6390, 'Lower Hotham'),
(993, 6390, 'Marradong'),
(994, 6390, 'Mount Cooke'),
(995, 6390, 'Mount Wells'),
(996, 6390, 'North Bannister'),
(997, 6390, 'Ranford'),
(998, 6390, 'Upper Murray'),
(999, 6390, 'Wuraming'),
(1000, 6391, 'Boraning'),
(1001, 6391, 'Congelin'),
(1002, 6391, 'Culbin'),
(1003, 6391, 'Hillman River'),
(1004, 6391, 'Narrakine'),
(1005, 6391, 'Quindanning'),
(1006, 6391, 'Tarwonga'),
(1007, 6391, 'Williams'),
(1008, 6392, 'Bokal'),
(1009, 6392, 'Boolading'),
(1010, 6392, 'Darkan'),
(1011, 6393, 'Cordering'),
(1012, 6393, 'Duranillin'),
(1013, 6393, 'Moodiarrup'),
(1014, 6393, 'Trigwell'),
(1015, 6394, 'Beaufort River'),
(1016, 6394, 'Boilup'),
(1017, 6394, 'Boscabel'),
(1018, 6394, 'Changerup'),
(1019, 6394, 'Muradup'),
(1020, 6394, 'Orchid Valley'),
(1021, 6394, 'Qualeup'),
(1022, 6395, 'Cherry Tree Pool'),
(1023, 6395, 'Jingalup'),
(1024, 6395, 'Kojonup'),
(1025, 6395, 'Lumeah'),
(1026, 6395, 'Mobrup'),
(1027, 6395, 'Ryansbrook'),
(1028, 6396, 'Frankland'),
(1029, 6397, 'Rocky Gully'),
(1030, 6398, 'Broke'),
(1031, 6398, 'North Walpole'),
(1032, 6398, 'Walpole'),
(1033, 6401, 'Buckland'),
(1034, 6401, 'Burlong'),
(1035, 6401, 'Cunjardine'),
(1036, 6401, 'Irishtown'),
(1037, 6401, 'Jennacubbine'),
(1038, 6401, 'Jennapullin'),
(1039, 6401, 'Malabaine'),
(1040, 6401, 'Meenaar'),
(1041, 6401, 'Mokine'),
(1042, 6401, 'Muluckine'),
(1043, 6401, 'Mumberkine'),
(1044, 6401, 'Muresk'),
(1045, 6401, 'Northam'),
(1046, 6401, 'Rossmore'),
(1047, 6401, 'Southern Brook'),
(1048, 6401, 'Spencers Brook'),
(1049, 6401, 'Throssell'),
(1050, 6401, 'Wongamine'),
(1051, 6403, 'Grass Valley'),
(1052, 6405, 'Greenwoods Valley'),
(1053, 6405, 'Meckering'),
(1054, 6405, 'Quelagetting'),
(1055, 6405, 'Warding East'),
(1056, 6407, 'Cunderdin'),
(1057, 6407, 'Waeel'),
(1058, 6407, 'Watercarrin'),
(1059, 6407, 'Wyola'),
(1060, 6407, 'Wyola West'),
(1061, 6407, 'Youndegin'),
(1062, 6409, 'Doongin'),
(1063, 6409, 'Tammin'),
(1064, 6409, 'Yorkrakine'),
(1065, 6410, 'Bungulla'),
(1066, 6410, 'Daadenning Creek'),
(1067, 6410, 'Kellerberrin'),
(1068, 6410, 'Mount Caroline'),
(1069, 6410, 'North Kellerberrin'),
(1070, 6411, 'Doodlakine'),
(1071, 6411, 'South Doodlakine'),
(1072, 6412, 'Baandee'),
(1073, 6412, 'North Baandee'),
(1074, 6413, 'Hines Hill'),
(1075, 6414, 'Nangeenan'),
(1076, 6415, 'Goomarin'),
(1077, 6415, 'Korbel'),
(1078, 6415, 'Merredin'),
(1079, 6415, 'Nokaning'),
(1080, 6415, 'Norpa'),
(1081, 6415, 'Tandegin'),
(1082, 6418, 'Bruce Rock'),
(1083, 6418, 'Yarding'),
(1084, 6419, 'Ardath'),
(1085, 6420, 'Cramphorne'),
(1086, 6420, 'Muntadgin'),
(1087, 6421, 'Burracoppin'),
(1088, 6421, 'Campion'),
(1089, 6421, 'South Burracoppin'),
(1090, 6421, 'Warralakin'),
(1091, 6422, 'Walgoolan'),
(1092, 6423, 'Boodarockin'),
(1093, 6423, 'Carrabin'),
(1094, 6423, 'Warrachuppin'),
(1095, 6423, 'Westonia'),
(1096, 6424, 'Bodallin'),
(1097, 6424, 'North Bodallin'),
(1098, 6424, 'South Bodallin'),
(1099, 6425, 'Dulyalbin'),
(1100, 6425, 'Moorine Rock'),
(1101, 6426, 'Corinthia'),
(1102, 6426, 'Ghooli'),
(1103, 6426, 'Holleton'),
(1104, 6426, 'Marvel Loch'),
(1105, 6426, 'Mount Hampton'),
(1106, 6426, 'Mount Holland'),
(1107, 6426, 'Mount Jackson'),
(1108, 6426, 'Mount Palmer'),
(1109, 6426, 'Parker Range'),
(1110, 6426, 'Skeleton Rock'),
(1111, 6426, 'South Yilgarn'),
(1112, 6426, 'Southern Cross'),
(1113, 6426, 'Turkey Hill'),
(1114, 6426, 'Yellowdine'),
(1115, 6427, 'Koolyanobbing'),
(1116, 6428, 'Babakin'),
(1117, 6429, 'Boorabbin'),
(1118, 6429, 'Bullabulling'),
(1119, 6429, 'Coolgardie'),
(1120, 6429, 'Karramindie'),
(1121, 6429, 'Londonderry'),
(1122, 6429, 'Mount Burges'),
(1123, 6429, 'Victoria Rock'),
(1124, 6429, 'Wallaroo'),
(1125, 6430, 'Binduli'),
(1126, 6430, 'Broadwood'),
(1127, 6430, 'Hannans'),
(1128, 6430, 'Kalgoorlie'),
(1129, 6430, 'Karlkurla'),
(1130, 6430, 'Lamington'),
(1131, 6430, 'Mullingar'),
(1132, 6430, 'Piccadilly'),
(1133, 6430, 'Somerville'),
(1134, 6430, 'South Kalgoorlie'),
(1135, 6430, 'West Kalgoorlie'),
(1136, 6430, 'West Lamington'),
(1137, 6430, 'Williamstown'),
(1138, 6430, 'Yilkari'),
(1139, 6431, 'Boorara'),
(1140, 6431, 'Brown Hill'),
(1141, 6431, 'Bulong'),
(1142, 6431, 'Emu Flat'),
(1143, 6431, 'Feysville'),
(1144, 6431, 'Kanowna'),
(1145, 6431, 'Kookynie'),
(1146, 6431, 'Kurnalpi'),
(1147, 6431, 'Lakewood'),
(1148, 6431, 'Ora Banda'),
(1149, 6431, 'Plumridge Lakes'),
(1150, 6431, 'Trafalgar'),
(1151, 6431, 'Warburton'),
(1152, 6432, 'Fimiston'),
(1153, 6432, 'South Boulder'),
(1154, 6432, 'Victory Heights'),
(1155, 6433, 'Hannans'),
(1156, 6433, 'Kalgoorlie'),
(1157, 6434, 'Cundeelee'),
(1158, 6434, 'Forrest'),
(1159, 6434, 'Parkeston'),
(1160, 6434, 'Rawlinna'),
(1161, 6434, 'Zanthus'),
(1162, 6435, 'Agnew'),
(1163, 6436, 'Menzies'),
(1164, 6436, 'Ularring'),
(1165, 6437, 'Leinster'),
(1166, 6437, 'Sir Samuel'),
(1167, 6438, 'Lake Darlot'),
(1168, 6438, 'Leonora'),
(1169, 6440, 'Bandya'),
(1170, 6440, 'Beadell'),
(1171, 6440, 'Burtville'),
(1172, 6440, 'Cosmo Newbery'),
(1173, 6440, 'Lake Wells'),
(1174, 6440, 'Laverton'),
(1175, 6440, 'Neale'),
(1176, 6442, 'Kambalda'),
(1177, 6443, 'Balladonia'),
(1178, 6443, 'Caiguna'),
(1179, 6443, 'Cocklebiddy'),
(1180, 6443, 'Dundas'),
(1181, 6443, 'Eucla'),
(1182, 6443, 'Fraser Range'),
(1183, 6443, 'Higginsville'),
(1184, 6443, 'Madura'),
(1185, 6443, 'Mundrabilla'),
(1186, 6443, 'Norseman'),
(1187, 6443, 'Widgiemooltha'),
(1188, 6445, 'North Cascade'),
(1189, 6445, 'Salmon Gums'),
(1190, 6446, 'Grass Patch'),
(1191, 6447, 'Lort River'),
(1192, 6447, 'Mount Ney'),
(1193, 6447, 'Scaddan'),
(1194, 6447, 'Wittenoom Hills'),
(1195, 6448, 'Gibson'),
(1196, 6450, 'Bandy Creek'),
(1197, 6450, 'Beaumont'),
(1198, 6450, 'Boyatup'),
(1199, 6450, 'Cape Le Grand'),
(1200, 6450, 'Cascade'),
(1201, 6450, 'Castletown'),
(1202, 6450, 'Chadwick'),
(1203, 6450, 'Condingup'),
(1204, 6450, 'Coomalbidgup'),
(1205, 6450, 'Dalyup'),
(1206, 6450, 'East Munglinup'),
(1207, 6450, 'Esperance'),
(1208, 6450, 'Howick'),
(1209, 6450, 'Merivale'),
(1210, 6450, 'Monjingup'),
(1211, 6450, 'Munglinup'),
(1212, 6450, 'Myrup'),
(1213, 6450, 'Neridup'),
(1214, 6450, 'Nulsen'),
(1215, 6450, 'Pink Lake'),
(1216, 6450, 'Sinclair'),
(1217, 6450, 'West Beach'),
(1218, 6450, 'Windabout'),
(1219, 6452, 'Buraminya'),
(1220, 6452, 'Cape Arid'),
(1221, 6452, 'Israelite Bay'),
(1222, 6460, 'Goomalling'),
(1223, 6460, 'Hulongine'),
(1224, 6460, 'Karranadgin'),
(1225, 6460, 'Ucarty West'),
(1226, 6460, 'Walyormouring'),
(1227, 6461, 'Dowerin'),
(1228, 6461, 'Koomberkine'),
(1229, 6462, 'Hindmarsh'),
(1230, 6462, 'Minnivale'),
(1231, 6462, 'Ucarty'),
(1232, 6463, 'Benjaberring'),
(1233, 6465, 'Manmanning'),
(1234, 6466, 'Cadoux'),
(1235, 6467, 'Burakin'),
(1236, 6468, 'Goodlands'),
(1237, 6468, 'Kalannie'),
(1238, 6468, 'Petrudor'),
(1239, 6470, 'Kulja'),
(1240, 6472, 'Beacon'),
(1241, 6472, 'Bimbijy'),
(1242, 6472, 'Cleary'),
(1243, 6472, 'Karroun Hill'),
(1244, 6472, 'Mouroubra'),
(1245, 6472, 'Remlap'),
(1246, 6473, 'North Wialki'),
(1247, 6473, 'Wialki'),
(1248, 6475, 'Badgerin Rock'),
(1249, 6475, 'Booralaming'),
(1250, 6475, 'Dukin'),
(1251, 6475, 'Koorda'),
(1252, 6475, 'Lake Margarette'),
(1253, 6475, 'Mollerin'),
(1254, 6475, 'Newcarlbeon'),
(1255, 6476, 'Gabbin'),
(1256, 6477, 'Bencubbin'),
(1257, 6477, 'Welbungin'),
(1258, 6479, 'Barbalin'),
(1259, 6479, 'Bonnie Rock'),
(1260, 6479, 'Dandanning'),
(1261, 6479, 'Elachbutting'),
(1262, 6479, 'Karloning'),
(1263, 6479, 'Lake Brown'),
(1264, 6479, 'Mangowine'),
(1265, 6479, 'Mukinbudin'),
(1266, 6479, 'Wattoning'),
(1267, 6479, 'Wilgoyne'),
(1268, 6480, 'Nukarni'),
(1269, 6484, 'Bullfinch'),
(1270, 6484, 'Ennuin'),
(1271, 6484, 'Lake Deborah'),
(1272, 6485, 'Cowcowing'),
(1273, 6485, 'Korrelocking'),
(1274, 6485, 'Nalkain'),
(1275, 6485, 'Nembudding'),
(1276, 6485, 'Wyalkatchem'),
(1277, 6487, 'North Yelbeni'),
(1278, 6487, 'South Yelbeni'),
(1279, 6487, 'Yelbeni'),
(1280, 6488, 'North Trayning'),
(1281, 6488, 'South Trayning'),
(1282, 6488, 'Trayning'),
(1283, 6489, 'Kununoppin'),
(1284, 6489, 'North Kununoppin'),
(1285, 6489, 'South Kununoppin'),
(1286, 6490, 'Burran Rock'),
(1287, 6490, 'Chandler'),
(1288, 6490, 'Elabbin'),
(1289, 6490, 'Kwelkan'),
(1290, 6490, 'Nungarin'),
(1291, 6490, 'Talgomine'),
(1292, 6501, 'Muchea'),
(1293, 6502, 'Bindoon'),
(1294, 6502, 'Bindoon Training Area'),
(1295, 6503, 'Bambun'),
(1296, 6503, 'Beermullah'),
(1297, 6503, 'Boonanarring'),
(1298, 6503, 'Breera'),
(1299, 6503, 'Coonabidgee'),
(1300, 6503, 'Cowalla'),
(1301, 6503, 'Cullalla'),
(1302, 6503, 'Gingin'),
(1303, 6503, 'Ginginup'),
(1304, 6503, 'Granville'),
(1305, 6503, 'Lennard Brook'),
(1306, 6503, 'Mindarra'),
(1307, 6503, 'Moondah'),
(1308, 6503, 'Moore River National Park'),
(1309, 6503, 'Muckenburra'),
(1310, 6503, 'Neergabby'),
(1311, 6503, 'Orange Springs'),
(1312, 6503, 'Red Gully'),
(1313, 6503, 'Wanerie'),
(1314, 6503, 'Yeal'),
(1315, 6504, 'Mooliabeenee'),
(1316, 6505, 'Wannamal'),
(1317, 6506, 'Mogumber'),
(1318, 6507, 'Cataby'),
(1319, 6507, 'Cooljarloo'),
(1320, 6507, 'Dandaragan'),
(1321, 6507, 'Mimegarra'),
(1322, 6507, 'Regans Ford'),
(1323, 6507, 'Yathroo'),
(1324, 6509, 'Glentromie'),
(1325, 6509, 'New Norcia'),
(1326, 6509, 'Waddington'),
(1327, 6509, 'Yarawindah'),
(1328, 6510, 'Barberton'),
(1329, 6510, 'Berkshire Valley'),
(1330, 6510, 'Gillingarra'),
(1331, 6510, 'Koojan'),
(1332, 6510, 'Moora'),
(1333, 6510, 'Walebing'),
(1334, 6511, 'Cervantes'),
(1335, 6512, 'Coomberdale'),
(1336, 6512, 'Namban'),
(1337, 6513, 'Gunyidi'),
(1338, 6513, 'Watheroo'),
(1339, 6514, 'Green Head'),
(1340, 6514, 'Leeman'),
(1341, 6515, 'Coorow'),
(1342, 6515, 'Eganu'),
(1343, 6515, 'Marchagee'),
(1344, 6515, 'Waddy Forest'),
(1345, 6516, 'Jurien Bay'),
(1346, 6517, 'Carnamah'),
(1347, 6517, 'Winchester'),
(1348, 6518, 'Eneabba'),
(1349, 6518, 'Warradarge'),
(1350, 6519, 'Arrino'),
(1351, 6519, 'Arrowsmith East'),
(1352, 6519, 'Dudawa'),
(1353, 6519, 'Kadathinni'),
(1354, 6519, 'Three Springs'),
(1355, 6519, 'Womarden'),
(1356, 6521, 'Badgingarra'),
(1357, 6521, 'Boothendarra'),
(1358, 6521, 'Grey'),
(1359, 6521, 'Hill River'),
(1360, 6521, 'Nambung'),
(1361, 6522, 'Bundanoon'),
(1362, 6522, 'Holmwood'),
(1363, 6522, 'Ikewa'),
(1364, 6522, 'Lockier'),
(1365, 6522, 'Mingenew'),
(1366, 6522, 'Mooriary'),
(1367, 6522, 'Mount Budd'),
(1368, 6522, 'Nangetty'),
(1369, 6522, 'Yandanooka'),
(1370, 6522, 'Yarragadee'),
(1371, 6525, 'Allanooka'),
(1372, 6525, 'Arrowsmith'),
(1373, 6525, 'Bonniefield'),
(1374, 6525, 'Bookara'),
(1375, 6525, 'Dongara'),
(1376, 6525, 'Irwin'),
(1377, 6525, 'Milo'),
(1378, 6525, 'Mount Adams'),
(1379, 6525, 'Mount Horner'),
(1380, 6525, 'Port Denison'),
(1381, 6525, 'Springfield'),
(1382, 6525, 'Yardarino'),
(1383, 6528, 'Mount Hill'),
(1384, 6528, 'South Greenough'),
(1385, 6528, 'Walkaway'),
(1386, 6530, 'Beachlands'),
(1387, 6530, 'Beresford'),
(1388, 6530, 'Bluff Point'),
(1389, 6530, 'Geraldton'),
(1390, 6530, 'Geraldton Dc'),
(1391, 6530, 'Karloo'),
(1392, 6530, 'Mahomets Flats'),
(1393, 6530, 'Meru'),
(1394, 6530, 'Moresby'),
(1395, 6530, 'Mount Tarcoola'),
(1396, 6530, 'Rangeway'),
(1397, 6530, 'Spalding'),
(1398, 6530, 'Strathalbyn'),
(1399, 6530, 'Sunset Beach'),
(1400, 6530, 'Tarcoola Beach'),
(1401, 6530, 'Utakarra'),
(1402, 6530, 'Waggrakine'),
(1403, 6530, 'Wandina'),
(1404, 6530, 'Webberton'),
(1405, 6530, 'West End'),
(1406, 6530, 'Wonthella'),
(1407, 6530, 'Woorree'),
(1408, 6531, 'Geraldton'),
(1409, 6532, 'Ajana'),
(1410, 6532, 'Binnu'),
(1411, 6532, 'Bootenal'),
(1412, 6532, 'Bringo'),
(1413, 6532, 'Buller'),
(1414, 6532, 'Burma Road'),
(1415, 6532, 'Cape Burney'),
(1416, 6532, 'Carrarang'),
(1417, 6532, 'Coburn'),
(1418, 6532, 'Coolcalalaya'),
(1419, 6532, 'Dartmoor'),
(1420, 6532, 'Deepdale'),
(1421, 6532, 'Dindiloa'),
(1422, 6532, 'Drummond Cove'),
(1423, 6532, 'Durawah'),
(1424, 6532, 'East Chapman'),
(1425, 6532, 'East Nabawa'),
(1426, 6532, 'East Yuna'),
(1427, 6532, 'Ellendale'),
(1428, 6532, 'Eradu'),
(1429, 6532, 'Eradu South'),
(1430, 6532, 'Eurardy'),
(1431, 6532, 'Georgina'),
(1432, 6532, 'Glenfield'),
(1433, 6532, 'Greenough'),
(1434, 6532, 'Hamelin Pool'),
(1435, 6532, 'Hickety'),
(1436, 6532, 'Howatharra'),
(1437, 6532, 'Kojarena'),
(1438, 6532, 'Marrah'),
(1439, 6532, 'Meadow'),
(1440, 6532, 'Minnenooka'),
(1441, 6532, 'Moonyoonooka'),
(1442, 6532, 'Mount Erin'),
(1443, 6532, 'Nabawa'),
(1444, 6532, 'Nanson'),
(1445, 6532, 'Naraling'),
(1446, 6532, 'Narngulu'),
(1447, 6532, 'Narra Tarra'),
(1448, 6532, 'Nerren Nerren'),
(1449, 6532, 'Nolba'),
(1450, 6532, 'North Eradu'),
(1451, 6532, 'Northern Gully'),
(1452, 6532, 'Oakajee'),
(1453, 6532, 'Rockwell'),
(1454, 6532, 'Rudds Gully'),
(1455, 6532, 'Sandsprings'),
(1456, 6532, 'South Yuna'),
(1457, 6532, 'Tamala'),
(1458, 6532, 'Tibradden'),
(1459, 6532, 'Toolonga'),
(1460, 6532, 'Valentine'),
(1461, 6532, 'Wandana'),
(1462, 6532, 'West Binnu'),
(1463, 6532, 'White Peak'),
(1464, 6532, 'Wicherina'),
(1465, 6532, 'Wicherina South'),
(1466, 6532, 'Yetna'),
(1467, 6532, 'Yuna'),
(1468, 6535, 'Alma'),
(1469, 6535, 'Bowes'),
(1470, 6535, 'East Bowes'),
(1471, 6535, 'Gregory'),
(1472, 6535, 'Horrocks'),
(1473, 6535, 'Isseka'),
(1474, 6535, 'Northampton'),
(1475, 6535, 'Ogilvie'),
(1476, 6535, 'Sandy Gully'),
(1477, 6535, 'Yallabatharra'),
(1478, 6536, 'Kalbarri'),
(1479, 6536, 'Kalbarri National Park'),
(1480, 6536, 'Zuytdorp'),
(1481, 6537, 'Denham'),
(1482, 6537, 'Dirk Hartog'),
(1483, 6537, 'Francois Peron National Park'),
(1484, 6537, 'Monkey Mia'),
(1485, 6537, 'Nanga'),
(1486, 6537, 'Shark Bay'),
(1487, 6537, 'Useless Loop'),
(1488, 6556, 'Beechina'),
(1489, 6556, 'Chidlow'),
(1490, 6556, 'Gorrie'),
(1491, 6556, 'Malmalling'),
(1492, 6556, 'The Lakes'),
(1493, 6558, 'Wooroloo'),
(1494, 6560, 'Wundowie'),
(1495, 6562, 'Bakers Hill'),
(1496, 6562, 'Copley'),
(1497, 6562, 'Woottating'),
(1498, 6564, 'Clackline'),
(1499, 6566, 'Bejoording'),
(1500, 6566, 'Carani'),
(1501, 6566, 'Coondle'),
(1502, 6566, 'Culham'),
(1503, 6566, 'Dumbarton'),
(1504, 6566, 'Hoddys Well'),
(1505, 6566, 'Katrine'),
(1506, 6566, 'Nunile'),
(1507, 6566, 'Toodyay'),
(1508, 6566, 'West Toodyay'),
(1509, 6567, 'Dewars Pool'),
(1510, 6567, 'Julimar'),
(1511, 6567, 'Moondyne'),
(1512, 6568, 'Bolgart'),
(1513, 6568, 'Wattening'),
(1514, 6568, 'Wyening'),
(1515, 6569, 'Calingiri'),
(1516, 6569, 'Old Plains'),
(1517, 6571, 'Yerecoin'),
(1518, 6572, 'Piawaning'),
(1519, 6574, 'Bindi Bindi'),
(1520, 6574, 'Gabalong'),
(1521, 6575, 'Miling'),
(1522, 6603, 'Konnongorring'),
(1523, 6603, 'Lake Hinds'),
(1524, 6603, 'Lake Ninan'),
(1525, 6603, 'Mocardy'),
(1526, 6603, 'Wongan Hills'),
(1527, 6605, 'Kondut'),
(1528, 6606, 'Ballidu'),
(1529, 6606, 'East Ballidu'),
(1530, 6606, 'West Ballidu'),
(1531, 6608, 'East Damboring'),
(1532, 6608, 'Marne'),
(1533, 6608, 'Pithara'),
(1534, 6609, 'Dalwallinu'),
(1535, 6609, 'Nugadong'),
(1536, 6609, 'Xantippe'),
(1537, 6612, 'Jibberding'),
(1538, 6612, 'Miamoon'),
(1539, 6612, 'Paynes Find'),
(1540, 6612, 'Wubin'),
(1541, 6613, 'Buntine'),
(1542, 6614, 'Maya'),
(1543, 6616, 'Latham'),
(1544, 6620, 'Perenjori'),
(1545, 6620, 'Rothsay'),
(1546, 6623, 'Bowgada'),
(1547, 6623, 'Bunjil'),
(1548, 6623, 'Gutha'),
(1549, 6623, 'Koolanooka'),
(1550, 6623, 'Morawa'),
(1551, 6623, 'Pintharuka'),
(1552, 6625, 'Merkanooka'),
(1553, 6627, 'Canna'),
(1554, 6628, 'Tardun'),
(1555, 6630, 'Devils Creek'),
(1556, 6630, 'Mullewa'),
(1557, 6630, 'Murchison'),
(1558, 6630, 'Nerramyne'),
(1559, 6630, 'Nunierra'),
(1560, 6630, 'Wongoondy'),
(1561, 6630, 'Woolgorong'),
(1562, 6631, 'Pindar'),
(1563, 6632, 'Ambania'),
(1564, 6632, 'Tenindewa'),
(1565, 6635, 'South Murchison'),
(1566, 6635, 'Yalgoo'),
(1567, 6638, 'Cooladar Hill'),
(1568, 6638, 'Daggar Hills'),
(1569, 6638, 'Mount Magnet'),
(1570, 6638, 'Paynesville'),
(1571, 6639, 'Sandstone'),
(1572, 6640, 'Cue'),
(1573, 6640, 'East Murchison'),
(1574, 6640, 'Lake Austin'),
(1575, 6640, 'Reedy'),
(1576, 6640, 'Weld Range'),
(1577, 6642, 'Angelo River'),
(1578, 6642, 'Capricorn'),
(1579, 6642, 'Kumarina'),
(1580, 6642, 'Meekatharra'),
(1581, 6642, 'Peak Hill'),
(1582, 6646, 'Lake Carnegie'),
(1583, 6646, 'Little Sandy Desert'),
(1584, 6646, 'Wiluna'),
(1585, 6701, 'Babbage Island'),
(1586, 6701, 'Bernier Island'),
(1587, 6701, 'Brockman'),
(1588, 6701, 'Brown Range'),
(1589, 6701, 'Carbla'),
(1590, 6701, 'Carnarvon'),
(1591, 6701, 'Coral Bay'),
(1592, 6701, 'Dorre Island'),
(1593, 6701, 'East Carnarvon'),
(1594, 6701, 'Gilroyd'),
(1595, 6701, 'Greys Plain'),
(1596, 6701, 'Inggarda'),
(1597, 6701, 'Kennedy Range'),
(1598, 6701, 'Kingsford'),
(1599, 6701, 'Lyndon'),
(1600, 6701, 'Macleod'),
(1601, 6701, 'Massey Bay'),
(1602, 6701, 'Mauds Landing'),
(1603, 6701, 'Minilya'),
(1604, 6701, 'Morgantown'),
(1605, 6701, 'Ningaloo'),
(1606, 6701, 'North Plantations'),
(1607, 6701, 'South Carnarvon'),
(1608, 6701, 'South Plantations'),
(1609, 6701, 'Talisker'),
(1610, 6701, 'Woodleigh'),
(1611, 6701, 'Wooramel'),
(1612, 6701, 'Yalardy'),
(1613, 6701, 'Yandoo Creek'),
(1614, 6705, 'East Lyons River'),
(1615, 6705, 'Gascoyne Junction'),
(1616, 6705, 'Gascoyne River'),
(1617, 6705, 'West Lyons River'),
(1618, 6707, 'Cape Range National Park'),
(1619, 6707, 'Exmouth'),
(1620, 6707, 'Exmouth Gulf'),
(1621, 6707, 'Learmonth'),
(1622, 6707, 'North West Cape'),
(1623, 6710, 'Cane'),
(1624, 6710, 'Onslow'),
(1625, 6710, 'Peedamulla'),
(1626, 6710, 'Talandji'),
(1627, 6710, 'Yannarie'),
(1628, 6711, 'Thevenard Island'),
(1629, 6712, 'Barrow Island'),
(1630, 6713, 'Dampier'),
(1631, 6713, 'Dampier Archipelago'),
(1632, 6714, 'Antonymyre'),
(1633, 6714, 'Balla Balla'),
(1634, 6714, 'Baynton'),
(1635, 6714, 'Bulgarra'),
(1636, 6714, 'Burrup'),
(1637, 6714, 'Cleaverville'),
(1638, 6714, 'Cooya Pooya'),
(1639, 6714, 'Gap Ridge'),
(1640, 6714, 'Gnoorea'),
(1641, 6714, 'Karratha'),
(1642, 6714, 'Karratha Industrial Estate'),
(1643, 6714, 'Maitland'),
(1644, 6714, 'Mardie'),
(1645, 6714, 'Millars Well'),
(1646, 6714, 'Mount Anketell'),
(1647, 6714, 'Mulataga'),
(1648, 6714, 'Nickol'),
(1649, 6714, 'Pegs Creek'),
(1650, 6714, 'Sherlock'),
(1651, 6714, 'Stove Hill'),
(1652, 6716, 'Fortescue'),
(1653, 6716, 'Hamersley Range'),
(1654, 6716, 'Millstream'),
(1655, 6716, 'Pannawonica'),
(1656, 6718, 'Roebourne'),
(1657, 6718, 'Whim Creek'),
(1658, 6720, 'Cossack'),
(1659, 6720, 'Point Samson'),
(1660, 6720, 'Wickham'),
(1661, 6721, 'Indee'),
(1662, 6721, 'Mundabullangana'),
(1663, 6721, 'Pardoo'),
(1664, 6721, 'Port Hedland'),
(1665, 6721, 'Redbank'),
(1666, 6721, 'Strelley'),
(1667, 6721, 'Wallareenya'),
(1668, 6721, 'Wedgefield'),
(1669, 6722, 'Boodarie'),
(1670, 6722, 'De Grey'),
(1671, 6722, 'Finucane'),
(1672, 6722, 'Pippingarra'),
(1673, 6722, 'South Hedland'),
(1674, 6723, 'Goldsworthy'),
(1675, 6725, 'Bilingurr'),
(1676, 6725, 'Broome'),
(1677, 6725, 'Dampier Peninsula'),
(1678, 6725, 'Djugun'),
(1679, 6725, 'Eighty Mile Beach'),
(1680, 6725, 'Gingerah'),
(1681, 6725, 'Lagrange'),
(1682, 6725, 'Minyirr'),
(1683, 6725, 'Roebuck'),
(1684, 6725, 'Waterbank'),
(1685, 6726, 'Cable Beach'),
(1686, 6728, 'Camballin'),
(1687, 6728, 'Derby'),
(1688, 6728, 'Geegully Creek'),
(1689, 6728, 'Kimbolton'),
(1690, 6728, 'King Leopold Ranges'),
(1691, 6728, 'Meda'),
(1692, 6728, 'St George Ranges'),
(1693, 6728, 'Willare'),
(1694, 6731, 'Cockatoo Island'),
(1695, 6733, 'Koolan Island'),
(1696, 6740, 'Drysdale River'),
(1697, 6740, 'Kalumburu'),
(1698, 6740, 'Mitchell Plateau'),
(1699, 6740, 'Oombulgurri'),
(1700, 6740, 'Prince Regent River'),
(1701, 6740, 'Wyndham'),
(1702, 6743, 'Cambridge Gulf'),
(1703, 6743, 'Durack'),
(1704, 6743, 'Gibb'),
(1705, 6743, 'Kununurra'),
(1706, 6743, 'Lake Argyle'),
(1707, 6743, 'Warmun'),
(1708, 6751, 'Chichester'),
(1709, 6751, 'Innawanga'),
(1710, 6751, 'Juna Downs'),
(1711, 6751, 'Karijini'),
(1712, 6751, 'Mount Sheila'),
(1713, 6751, 'Mulga Downs'),
(1714, 6751, 'Nanutarra'),
(1715, 6751, 'Rocklea'),
(1716, 6751, 'Tom Price'),
(1717, 6751, 'Wittenoom'),
(1718, 6753, 'Newman'),
(1719, 6754, 'Paraburdoo'),
(1720, 6754, 'Nullagine'),
(1721, 6760, 'Marble Bar'),
(1722, 6761, 'Shay Gap'),
(1723, 6762, 'Telfer'),
(1724, 6765, 'Fitzroy Crossing'),
(1725, 6765, 'Mount Hardman'),
(1726, 6770, 'Halls Creek'),
(1727, 6770, 'Mcbeath'),
(1728, 6770, 'Mueller Ranges'),
(1729, 6770, 'Ord River'),
(1730, 6770, 'Purnululu'),
(1731, 6770, 'Sturt Creek'),
(1732, 6770, 'Tanami');

-- --------------------------------------------------------

--
-- Table structure for table `captcha`
--

CREATE TABLE IF NOT EXISTS `captcha` (
  `captcha_id` bigint(20) unsigned NOT NULL AUTO_INCREMENT,
  `captcha_time` int(10) unsigned NOT NULL,
  `ip_address` varchar(16) NOT NULL,
  `word` varchar(20) NOT NULL,
  PRIMARY KEY (`captcha_id`)
) ENGINE=InnoDB DEFAULT CHARSET=utf8 AUTO_INCREMENT=1 ;

-- --------------------------------------------------------

--
-- Table structure for table `contactform`
--

CREATE TABLE IF NOT EXISTS `contactform` (
  `id` int(11) NOT NULL AUTO_INCREMENT,
  `name` varchar(30) NOT NULL,
  `emailaddress` varchar(60) NOT NULL,
  `message` text NOT NULL,
  `created_at` datetime NOT NULL,
  PRIMARY KEY (`id`)
) ENGINE=InnoDB DEFAULT CHARSET=latin1 AUTO_INCREMENT=1 ;

-- --------------------------------------------------------

--
-- Table structure for table `email_queue`
--

CREATE TABLE IF NOT EXISTS `email_queue` (
  `id` int(11) NOT NULL AUTO_INCREMENT,
  `to_email` varchar(128) NOT NULL,
  `subject` varchar(255) NOT NULL,
  `message` text NOT NULL,
  `alt_message` text,
  `max_attempts` int(11) NOT NULL DEFAULT '3',
  `attempts` int(11) NOT NULL DEFAULT '0',
  `success` tinyint(1) NOT NULL DEFAULT '0',
  `date_published` datetime DEFAULT NULL,
  `last_attempt` datetime DEFAULT NULL,
  `date_sent` datetime DEFAULT NULL,
  `identity` int(11) DEFAULT NULL,
  PRIMARY KEY (`id`)
) ENGINE=InnoDB DEFAULT CHARSET=utf8 AUTO_INCREMENT=1 ;

-- --------------------------------------------------------

--
-- Table structure for table `fitness_questionare`
--

CREATE TABLE IF NOT EXISTS `fitness_questionare` (
  `fq_id` int(11) unsigned NOT NULL AUTO_INCREMENT,
  `user_id` int(11) NOT NULL,
  `exc_freq` enum('l','m','h') NOT NULL DEFAULT 'm' COMMENT 'l:Low, m:Medium, h:High',
  `fitness_rating` tinyint(1) NOT NULL,
  `created_at` datetime NOT NULL,
  `had_stroke` varchar(5) NOT NULL,
  `chest_pain` varchar(5) NOT NULL,
  `dizziness` varchar(5) NOT NULL,
  `asthma` varchar(5) NOT NULL,
  `diabetes` varchar(5) NOT NULL,
  `bodyproblems` varchar(5) NOT NULL,
  `dangerous` varchar(5) NOT NULL,
  PRIMARY KEY (`fq_id`)
) ENGINE=InnoDB  DEFAULT CHARSET=utf8 AUTO_INCREMENT=3 ;

--
-- Dumping data for table `fitness_questionare`
--

INSERT INTO `fitness_questionare` (`fq_id`, `user_id`, `exc_freq`, `fitness_rating`, `created_at`, `had_stroke`, `chest_pain`, `dizziness`, `asthma`, `diabetes`, `bodyproblems`, `dangerous`) VALUES
(2, 39, 'm', 3, '2015-11-16 16:03:08', 'no', 'no', 'no', 'no', 'no', 'no', 'no');

-- --------------------------------------------------------

--
-- Table structure for table `login_attempts`
--

CREATE TABLE IF NOT EXISTS `login_attempts` (
  `id` bigint(20) NOT NULL AUTO_INCREMENT,
  `ip_address` varchar(40) NOT NULL,
  `login` varchar(50) NOT NULL,
  `time` timestamp NOT NULL DEFAULT CURRENT_TIMESTAMP,
  PRIMARY KEY (`id`)
) ENGINE=InnoDB DEFAULT CHARSET=utf8 AUTO_INCREMENT=1 ;

-- --------------------------------------------------------

--
-- Table structure for table `media_uploads`
--

CREATE TABLE IF NOT EXISTS `media_uploads` (
  `id` smallint(9) NOT NULL AUTO_INCREMENT,
  `mediafile` varchar(500) NOT NULL,
  `created_at` datetime NOT NULL,
  PRIMARY KEY (`id`)
) ENGINE=InnoDB  DEFAULT CHARSET=latin1 AUTO_INCREMENT=15 ;

--
-- Dumping data for table `media_uploads`
--

INSERT INTO `media_uploads` (`id`, `mediafile`, `created_at`) VALUES
(1, 'uploads/media/45_2015/two-sportswomen-doing-crunches.jpg', '2015-11-04 19:48:39'),
(4, 'uploads/media/45_2015/workout-on-beach-tire-flip.jpg', '2015-11-04 20:06:30'),
(5, 'uploads/media/45_2015/kickboxing-fitness-program.jpg', '2015-11-05 04:38:19'),
(6, 'uploads/media/45_2015/group-fitness-program-outdoors.jpg', '2015-11-05 04:38:23'),
(7, 'uploads/media/45_2015/personal-trainer-fitness-levels.jpg', '2015-11-05 04:38:27'),
(8, 'uploads/media/46_2015/ptd-logo-sq-lg.png', '2015-11-09 18:14:25'),
(9, 'uploads/media/46_2015/ptd-logo-lg.png', '2015-11-09 18:14:43'),
(10, 'uploads/media/47_2015/exercise-intensity-guidelines.pdf', '2015-11-16 15:52:41'),
(11, 'uploads/media/47_2015/android-add-to-home-screen.jpg', '2015-11-17 04:14:41'),
(12, 'uploads/media/47_2015/android-app-icon.jpg', '2015-11-17 04:15:12'),
(13, 'uploads/media/47_2015/ipad-add-to-home-screen.jpg', '2015-11-17 04:15:34'),
(14, 'uploads/media/47_2015/ipad-app-icon.jpg', '2015-11-17 04:15:50');

-- --------------------------------------------------------

--
-- Table structure for table `pages`
--

CREATE TABLE IF NOT EXISTS `pages` (
  `id` int(11) NOT NULL AUTO_INCREMENT,
  `pagename` varchar(40) NOT NULL,
  `pagecontent` text NOT NULL,
  `updated_at` datetime NOT NULL,
  PRIMARY KEY (`id`)
) ENGINE=InnoDB  DEFAULT CHARSET=latin1 AUTO_INCREMENT=16 ;

--
-- Dumping data for table `pages`
--

INSERT INTO `pages` (`id`, `pagename`, `pagecontent`, `updated_at`) VALUES
(1, 'How it works', '<div class="page-header">\n<h3>How It Works</h3>\n</div>\n\n<style>\n.mybadge{\nbackground-color:#fff;\nborder: 1px solid rgb(29, 153, 216);\nborder-radius:50%;\ntext-align: center;\nmargin-top: 23px;}\n\n.mybadge span{\npadding:5px;\ndisplay:block;\nfont-weight:bold;}\n\n.contentpanel {\nmin-height: 20px;\npadding: 19px;\nmargin-bottom: 20px;\nbackground-color: #fff;\nborder: 1px solid #ccc;\nborder-radius: 0px;}\n</style>\n\n<h3>Find and book PT''s for training when and where you want.</h3>\n<article>	\n	<div class="row">\n		<div class="col-sm-1 col-md-1 col-lg-1" style="max-height: 50px; max-width: 60px;">\n			<h4 class="mybadge"><span>1</span></h4>\n		</div>\n		<div class="col-sm-11 col-md-11 col-lg-11">\n			<div class="contentpanel">\n			<h4>Requesting a trainer</h4>\n			<p>Request a trainer with your training type, time and area preference.</p>\n			<p><strong>You dont need to sign-up first; a new account will be created automatically using your email address.<strong></p> \n			<p>Approved trainers will recieve your request and have the option to provide you with a quote.</p>\n			</div>\n		</div> \n	</div>\n	\n	<div class="row">\n		<div class="col-sm-1 col-md-1 col-lg-1" style="max-height: 50px; max-width: 60px;">\n			<h4 class="mybadge"><span>2</span></h4>\n		</div>		  \n		<div class="col-sm-11 col-md-11 col-lg-11">\n			<div class="contentpanel">\n			<h4>Training quotes</h4>\n			<p>You will recive quotes by email from trainers that want to train you.</p>\n			<p>Trainers will quote you on price and also define the training service that they can provide you. For example, if you request training at Osbrorne Park at midday, a trainer would put in the quote that they would use Herdsman lake.</p>			\n			</div>\n		</div> \n	</div>\n	\n	<div class="row">\n		<div class="col-sm-1 col-md-1 col-lg-1" style="max-height: 50px; max-width: 60px;">\n			<h4 class="mybadge"><span>3</span></h4>\n		</div>		  \n		<div class="col-sm-11 col-md-11 col-lg-11">\n			<div class="contentpanel">\n			<h4>Booking a trainer</h4>\n			<p>You will need to pay a deposit for a quote that you want. You pay online with Paypal through the web site.</p>\n			<p>You must give 24 hours notice to the trainer if you need to reschedule a training session.</p>\n			<p>If you cancel a training sessions you will not get a refund on your deposit.</p>\n			</div>\n		</div> \n	</div>\n	\n	<div class="row">\n		<div class="col-sm-1 col-md-1 col-lg-1" style="max-height: 50px; max-width: 60px;">\n			<h4 class="mybadge"><span>4</span></h4>\n		</div>		  \n		<div class="col-sm-11 col-md-11 col-lg-11">\n			<div class="contentpanel">\n			<h4>Finishing a session</h4>\n			<p>When your training session is complete you will need to complete the online payment and provide feedback on the training.</p>\n			</div>\n		</div> \n	</div>	\n</article>     \n\n', '2015-10-12 10:05:25'),
(2, 'Training Safety', '<div class="page-header">\n<h3>Training Safety</h3>\n</div>\n\n<article>	\n<div class="row">\n	<div class="col-sm-12 col-md-12 col-lg-12">\n		<p>Personal safely while training is a very important to us and all the trainers registered with us.</p>\n		<p>All trainers need to provide personal training certification and proof of insurance before becoming approved to receive requests.</p>\n	</div> \n</div>\n</article>  ', '2015-10-13 01:19:34'),
(3, 'workout_guide', 'coming soon', '2015-10-13 01:40:29'),
(4, 'nutrition_guide', 'coming soon', '2015-10-13 01:40:41'),
(5, 'Terms Of Use', '<div class="page-header">\n<h3>Terms and Conditions ("Terms")</h3>\n</div>\n\n<p>Last updated: October 06, 2015</p>\n\n<p>Please read these Terms and Conditions ("Terms", "Terms and Conditions") carefully before using the https://ptondemand.com.au website (the "Service") operated by PT On Demand ("us", "we", or "our").</p>\n\n<p>Your access to and use of the Service is conditioned on your acceptance of and compliance with these Terms. These Terms apply to all visitors, users and others who access or use the Service.</p>\n\n<p>By accessing or using the Service you agree to be bound by these Terms. If you disagree with any part of the terms then you may not access the Service.</p>\n\n<p><strong>Accounts</strong></p>\n\n<p>When you create an account with us, you must provide us information that is accurate, complete, and current at all times. Failure to do so constitutes a breach of the Terms, which may result in immediate termination of your account on our Service.</p>\n\n<p>You are responsible for safeguarding the password that you use to access the Service and for any activities or actions under your password, whether your password is with our Service or a third-party service.</p>\n\n<p>You agree not to disclose your password to any third party. You must notify us immediately upon becoming aware of any breach of security or unauthorized use of your account.</p>    \n\n<p><strong>Links To Other Web Sites</strong></p>\n\n<p>Our Service may contain links to third-party web sites or services that are not owned or controlled by PT On Demand.</p>\n\n<p>PT On Demand has no control over, and assumes no responsibility for, the content, privacy policies, or practices of any third party web sites or services. You further acknowledge and agree that PT On Demand shall not be responsible or liable, directly or indirectly, for any damage or loss caused or alleged to be caused by or in connection with use of or reliance on any such content, goods or services available on or through any such web sites or services.</p>\n\n<p>We strongly advise you to read the terms and conditions and privacy policies of any third-party web sites or services that you visit.</p>\n\n<p><strong>Termination</strong></p>\n\n<p>We may terminate or suspend access to our Service immediately, without prior notice or liability, for any reason whatsoever, including without limitation if you breach the Terms.</p>\n\n<p>All provisions of the Terms which by their nature should survive termination shall survive termination, including, without limitation, ownership provisions, warranty disclaimers, indemnity and limitations of liability.</p>\n\n<p>We may terminate or suspend your account immediately, without prior notice or liability, for any reason whatsoever, including without limitation if you breach the Terms.</p>\n\n<p>Upon termination, your right to use the Service will immediately cease. If you wish to terminate your account, you may simply discontinue using the Service.</p>\n\n<p>All provisions of the Terms which by their nature should survive termination shall survive termination, including, without limitation, ownership provisions, warranty disclaimers, indemnity and limitations of liability.</p>\n\n<p><strong>Governing Law</strong></p>\n\n<p>These Terms shall be governed and construed in accordance with the laws of Western Australia, Australia, without regard to its conflict of law provisions.</p>\n\n<p>Our failure to enforce any right or provision of these Terms will not be considered a waiver of those rights. If any provision of these Terms is held to be invalid or unenforceable by a court, the remaining provisions of these Terms will remain in effect. These Terms constitute the entire agreement between us regarding our Service, and supersede and replace any prior agreements we might have between us regarding the Service.</p>\n\n<p><strong>Changes</strong></p>\n\n<p>We reserve the right, at our sole discretion, to modify or replace these Terms at any time. If a revision is material we will try to provide at least 60 days notice prior to any new terms taking effect. What constitutes a material change will be determined at our sole discretion.</p>\n\n<p>By continuing to access or use our Service after those revisions become effective, you agree to be bound by the revised terms. If you do not agree to the new terms, please stop using the Service.</p>\n\n<p>Our Terms and Conditions agreement was created by TermsFeed.</p>\n\n<p><strong>Contact Us</strong></p>\n\n<p>If you have any questions about these Terms, please contact us.</p>', '2015-10-12 18:52:44'),
(6, 'Privacy Policy', '<div class="page-header">\n<h3>Privacy Policy</h3>\n</div>\n\nThis Privacy Policy applies to the services offered by PT on Demand.<br>\n<br>\n1. Personal information:<br>\n<br>\nThe Company is committed to safeguarding personal privacy. It recognises that individuals have a right to control how their personal information is collected and used. Providing personal information is an act of trust and it is taken seriously. Unless given consent to do otherwise, the Company will only collect and use personal information as set out below.<br>\n<br>\n2. Collecting personal information:<br>\n<br>\nThe Company will not collect or monitor any personal information about an individual without their consent. The only personal information collected is what has been provided voluntarily.<br>\n<br>\n3. Use of tracking technologies:<br>\n<br>\nThe Company uses tracking technologies such as cookies or web beacons to make use of the website and services as convenient as possible. Cookies are pieces of information that a web site transfers to a computer''s hard disk for record keeping purposes. Most web browsers are set to accept tracking technologies such as cookies or web beacons. These tracking technologies do not themselves personally identify users, although they do identify a user''s browser. 4. Using and disclosing your personal information:<br>\n<br>\nPersonal Information will be used for the following primary purpose:<br>\n<br>\n<br>\n<br>\n- To fulfill obligations under any sale and purchase contract and/or any other contract between the individual and the Company.<br>\n<br>\n- To render services related to Company''s business such as warranty or after sales services.<br>\n<br>\n<br>\n<br>\nFor the purpose described above, information may be shared with Company''s group companies either in Australia or overseas. Also, in order to operate the web site or deliver a service, personal information may also be shared with a service provider, a non-Company group company.<br>\n<br>\n5. Contact by the Company:<br>\n<br>\nThe Company may contact individuals using the information, which was provided by them in order to:<br>\n<br>\n- Provide information that may be of interest about upgrades, new Company products, special offers and other matters that may be of interest.<br>\n<br>\n- To send newsletters.<br>\n<br>\n6. Individual''s right of access:<br>\n<br>\nIndividuals have the right to review the information that may be recorded on the Company''s database. Information may be reviewed by contacting the Company on the customer enquiry number [Number].<br>\n<br>\n9. The Company and links to other web sites:<br>\n<br>\nThe Company provides links to web sites outside of the Company site. These linked sites are not under the control of Company, and the Company is not responsible for the conduct of companies linked to the Company web site, nor for the performance or otherwise of any content and/or software contained in such external websites.<br>\n<br>\n10. Problems or queries:<br>\n<br>\nQueries relating to the Privacy Policy, or any problems or complaints may be directed to the Personal Information Officer by calling the customer enquiry number [Number].<br>\n<br>', '0000-00-00 00:00:00'),
(7, 'Homepage main', '<div class="col-xs-12 col-md-6 col-sm-6 sidebar">\n            <div class="page-header"><h3>Hire Qualified Professionals</h3></div>\n            <article>\n                <h3>Welcome to PT on Demand, Australias #1 trusted PT session requestor site.</h3>\n                <p>You can view all our listed trainers qualifications, specialties and experience with full reviews and ratings.</p>\n                <p>Get started by <a href="/register-member" title="register">registering</a> - all you need is a Paypal account or credit card- and then choose a day, time, location and type of session you want and wait for the trainers to respond to your request.</p>\n\n                <p>Once you start getting quotes through, you can then choose your preferred trainer by viewing their profile and quoted price of the session that you requested, if the trainer fits the right criteria, click accept and your session is booked! Get rewarded for each completed session with not only health and fitness benefits, but you can acquire store points in which you can make purchases through the PT on Demand reward site to help you reach your goals!</p>\n            </article>\n            <div class="fb-like" data-href="" data-layout="button_count" data-action="like" data-show-faces="true"></div>\n\n<p style="margin-top:12px;">\n<a href="javascript:void();" onclick="share(); return false;" class="btn btn-primary" style="background:#3F5AA7; font-size: 11px; border-radius: 4px;">\n<span><i class="fa fa-facebook-official fa-lg"></i></span> Share with your friends</a>\n</p>\n<p style="margin-top:12px;">\n<a href="https://twitter.com/ptondemandau" class="twitter-follow-button" data-show-count="false">Follow @ptondemandau</a>\n<a href="https://twitter.com/share" class="twitter-share-button" data-via="ptondemandau">Tweet</a>\n</p>\n\n        </div>\n</div>', '2015-11-05 04:49:23'),
(8, 'Home basic trainers', '<div class="page-header"><h3>Basic trainers</h3></div><img src="/uploads/media/45_2015/kickboxing-fitness-program.jpg" alt="kickboxing-fitness-program" class="featureImg"><p class="features">We have a range of trainers with various skills and qualifications. Our basic trainers have a minimum certificate III in gym instruction or group instruction. Most will either have their certificate IV in personal training or currently studying it.</p><a href="/register-trainer" class="btn">Find out more >></a>', '2015-11-05 04:47:39'),
(9, 'Home specialist trainers', '<div class="page-header"><h3>Specialist trainers</h3></div><img src="/uploads/media/45_2015/group-fitness-program-outdoors.jpg" alt="group-fitness-program-outdoors" class="featureImg"><p class="features">Specialist trainers have a chosen field in which they have a minimum 10 years experience in, or are university qualified in a particular health science field.</p><a href="/register-trainer" class="btn">Find out more >></a>', '2015-11-05 04:47:24'),
(10, 'Home Become a PTD trainer', '<div class="page-header"><h3>Become a PT on Demand trainer</h3></div>\n<img src="/uploads/media/45_2015/kickboxing-fitness-program.jpg" alt="kickboxing-fitness-program" class="featureImg">\n<p class="features">Want to be a trainer on PT on Demand? By <a href="/register-trainer" title="register">registering</a> you can expand your business by accessing job requests and the PT on Demand store.</p><a href="/register-trainer" class="btn">Find out more >></a>', '2015-11-05 04:47:15'),
(11, 'Trainers', '<div class="page-header">\n<h3>Trainers</h3>\n</div>', '2015-10-12 18:53:13'),
(12, 'Modal Terms and Conditions', '<p>Last updated: October 06, 2015</p>\r\n               \r\n               <p>Please read these Terms and Conditions ("Terms", "Terms and Conditions") carefully before using the https://ptondemand.com.au website (the "Service") operated by PT On Demand ("us", "we", or "our").</p>\r\n               \r\n               <p>Your access to and use of the Service is conditioned on your acceptance of and compliance with these Terms. These Terms apply to all visitors, users and others who access or use the Service.</p>\r\n               \r\n               <p>By accessing or using the Service you agree to be bound by these Terms. If you disagree with any part of the terms then you may not access the Service.</p>\r\n               \r\n               <p><strong>Accounts</strong></p>\r\n               \r\n               <p>When you create an account with us, you must provide us information that is accurate, complete, and current at all times. Failure to do so constitutes a breach of the Terms, which may result in immediate termination of your account on our Service.</p>\r\n               \r\n               <p>You are responsible for safeguarding the password that you use to access the Service and for any activities or actions under your password, whether your password is with our Service or a third-party service.</p>\r\n               \r\n               <p>You agree not to disclose your password to any third party. You must notify us immediately upon becoming aware of any breach of security or unauthorized use of your account.</p>    \r\n               \r\n               <p><strong>Links To Other Web Sites</strong></p>\r\n               \r\n               <p>Our Service may contain links to third-party web sites or services that are not owned or controlled by PT On Demand.</p>\r\n               \r\n               <p>PT On Demand has no control over, and assumes no responsibility for, the content, privacy policies, or practices of any third party web sites or services. You further acknowledge and agree that PT On Demand shall not be responsible or liable, directly or indirectly, for any damage or loss caused or alleged to be caused by or in connection with use of or reliance on any such content, goods or services available on or through any such web sites or services.</p>\r\n               \r\n               <p>We strongly advise you to read the terms and conditions and privacy policies of any third-party web sites or services that you visit.</p>\r\n               \r\n               <p><strong>Termination</strong></p>\r\n               \r\n               <p>We may terminate or suspend access to our Service immediately, without prior notice or liability, for any reason whatsoever, including without limitation if you breach the Terms.</p>\r\n               \r\n               <p>All provisions of the Terms which by their nature should survive termination shall survive termination, including, without limitation, ownership provisions, warranty disclaimers, indemnity and limitations of liability.</p>\r\n               \r\n               <p>We may terminate or suspend your account immediately, without prior notice or liability, for any reason whatsoever, including without limitation if you breach the Terms.</p>\r\n               \r\n               <p>Upon termination, your right to use the Service will immediately cease. If you wish to terminate your account, you may simply discontinue using the Service.</p>\r\n               \r\n               <p>All provisions of the Terms which by their nature should survive termination shall survive termination, including, without limitation, ownership provisions, warranty disclaimers, indemnity and limitations of liability.</p>\r\n               \r\n               <p><strong>Governing Law</strong></p>\r\n               \r\n               <p>These Terms shall be governed and construed in accordance with the laws of Western Australia, Australia, without regard to its conflict of law provisions.</p>\r\n               \r\n               <p>Our failure to enforce any right or provision of these Terms will not be considered a waiver of those rights. If any provision of these Terms is held to be invalid or unenforceable by a court, the remaining provisions of these Terms will remain in effect. These Terms constitute the entire agreement between us regarding our Service, and supersede and replace any prior agreements we might have between us regarding the Service.</p>\r\n               \r\n               <p><strong>Changes</strong></p>\r\n               \r\n               <p>We reserve the right, at our sole discretion, to modify or replace these Terms at any time. If a revision is material we will try to provide at least 60 days notice prior to any new terms taking effect. What constitutes a material change will be determined at our sole discretion.</p>\r\n               \r\n               <p>By continuing to access or use our Service after those revisions become effective, you agree to be bound by the revised terms. If you do not agree to the new terms, please stop using the Service.</p>\r\n               \r\n               <p>Our Terms and Conditions agreement was created by TermsFeed.</p>\r\n               \r\n               <p><strong>Contact Us</strong></p>\r\n               \r\n               <p>If you have any questions about these Terms, please contact us.</p>', '0000-00-00 00:00:00'),
(13, 'Home Register member', '<div class="col-xs-12 col-md-8 col-sm-8 left-content">    \n<div class="page-header">\n<h3>PT on Demand Members</h3>\n</div>\n<h3>Personal training that comes to you</h3>\n<p>Request a mobile personal training professional to come to you for outdoor or indoor training. You can do solo or group training with your friends or social group at your residence, favourite park or beach. </p>\n<p><img src="/uploads/media/45_2015/workout-on-beach-tire-flip.jpg" alt="workout-on-beach-tire-flip" width="100%"></p>\n<h3>PT Pricing</h3>\n<p>Training sessions charges vary depending on the type of training and location. You will receive quotes from trainers with the training sessions they offer.</p>\n</div>', '2015-11-05 04:49:43'),
(14, 'Home Register trainer', '<div class="col-xs-12 col-md-8 col-sm-8 left-content">\n<div class="page-header">\n<h3>PT on Demand Trainers</h3>\n</div>\n<h3>Be part of a growing PT network</h3>\n<p>Receive training requests from around your region for solo or group personal training. You can work one-on-one with clients the way that you like and be your own boss.</p>\n<p><img src="/uploads/media/45_2015/two-sportswomen-doing-crunches.jpg" alt="two-sportswomen-doing-crunches" width="100%"></p>        \n</div>', '2015-11-05 04:49:56'),
(15, 'FAQ', '<div class="page-header"><h3>FAQ</h3></div>\n\n<div class="col-sm-12 col-md-9 col-lg-9">\n<h4>Add PT On Demand app to your Phone & Tablet</h4>\n<p>PT On Demand is a web app that works best from your device home screen. Take a look at these screen shots to see how.</p>\n</div>\n\n<div class="col-xs-12 col-sm-6 col-md-6 col-lg-6">\n<h5>iPad Safari <strong>Add to Home Screen</strong></h5>\n<img src="/uploads/media/47_2015/ipad-add-to-home-screen.jpg" alt="ipad-add-to-home-screen" width="100%">\n\n<h5>iPad app icon</h5>\n<img src="https://ptondemand.com.au/uploads/media/47_2015/ipad-app-icon.jpg" alt="ipad-app-icon" width="100%">\n\n<h5>Android Chrome <strong>Add to Home Screen</strong></h5>\n<img src="https://ptondemand.com.au/uploads/media/47_2015/android-add-to-home-screen.jpg" alt="android-add-to-home-screen" width="100%">\n\n<h5>Android app icon</h5>\n<img src="https://ptondemand.com.au/uploads/media/47_2015/android-app-icon.jpg" alt="android-app-icon" width="100%">\n</div>\n\n<hr>\n\n<div class="col-sm-12 col-md-9 col-lg-9">\n<h4>Not receiving emails?</h4>\n<p>If your expecting email from us and its not been delivered please check your spam/junk folder as email sent from websites sometimes get spammed.</p>\n</div>', '2015-11-17 04:29:49');

-- --------------------------------------------------------

--
-- Table structure for table `requests`
--

CREATE TABLE IF NOT EXISTS `requests` (
  `req_id` int(11) unsigned NOT NULL AUTO_INCREMENT,
  `member_id` int(11) unsigned NOT NULL,
  `req_area_code` varchar(4) NOT NULL,
  `req_require_date` date NOT NULL,
  `req_require_time` enum('m','d','e') NOT NULL DEFAULT 'm' COMMENT 'm:Morning, d:Mid, e:Evening',
  `req_service_id` int(11) NOT NULL,
  `req_service_type` char(1) NOT NULL,
  `req_status` char(1) NOT NULL DEFAULT '1' COMMENT '1:Pending, 2:Accepted, 3:Quoted, 4:Expired, 5:Closed',
  `req_expiration_date` int(11) NOT NULL,
  `req_date_cancelled` datetime DEFAULT NULL,
  `req_date_closed` datetime DEFAULT NULL,
  `req_date_accepted` datetime DEFAULT NULL,
  `req_trainer_id_accepted` int(11) DEFAULT NULL,
  `req_fee` decimal(4,2) DEFAULT NULL,
  `req_price` decimal(4,2) DEFAULT NULL,
  `req_payment_status` char(1) DEFAULT NULL,
  `req_deposit` decimal(4,2) DEFAULT NULL,
  `req_deposit_receipt` tinyint(1) DEFAULT '0',
  `req_refund` decimal(10,0) DEFAULT NULL,
  `req_refund_date` datetime DEFAULT NULL,
  `req_rating_all` tinyint(1) DEFAULT NULL,
  `req_rating_time` tinyint(1) DEFAULT NULL,
  `req_rating_professional` tinyint(1) DEFAULT NULL,
  `req_rating_consult` tinyint(1) DEFAULT NULL,
  `req_feedback_review` text,
  `req_created_at` datetime NOT NULL,
  `req_updated_at` datetime DEFAULT NULL,
  PRIMARY KEY (`req_id`)
) ENGINE=InnoDB  DEFAULT CHARSET=latin1 AUTO_INCREMENT=13 ;

--
-- Dumping data for table `requests`
--

INSERT INTO `requests` (`req_id`, `member_id`, `req_area_code`, `req_require_date`, `req_require_time`, `req_service_id`, `req_service_type`, `req_status`, `req_expiration_date`, `req_date_cancelled`, `req_date_closed`, `req_date_accepted`, `req_trainer_id_accepted`, `req_fee`, `req_price`, `req_payment_status`, `req_deposit`, `req_deposit_receipt`, `req_refund`, `req_refund_date`, `req_rating_all`, `req_rating_time`, `req_rating_professional`, `req_rating_consult`, `req_feedback_review`, `req_created_at`, `req_updated_at`) VALUES
(1, 39, '6063', '2015-11-18', 'd', 2, 's', '1', 1448124203, NULL, NULL, NULL, NULL, NULL, NULL, NULL, NULL, 0, NULL, NULL, NULL, NULL, NULL, NULL, NULL, '2015-11-16 16:43:23', NULL),
(2, 40, '6063', '2015-11-19', 'd', 4, 's', '1', 1448167138, NULL, NULL, NULL, NULL, NULL, NULL, NULL, NULL, 0, NULL, NULL, NULL, NULL, NULL, NULL, NULL, '2015-11-17 04:38:58', NULL),
(3, 41, '6208', '2015-12-02', 'm', 2, 's', '1', 1448252027, NULL, NULL, NULL, NULL, NULL, NULL, NULL, NULL, 0, NULL, NULL, NULL, NULL, NULL, NULL, NULL, '2015-11-18 04:13:47', NULL),
(4, 41, '6208', '2015-12-02', 'm', 1, 's', '1', 1448252049, NULL, NULL, NULL, NULL, NULL, NULL, NULL, NULL, 0, NULL, NULL, NULL, NULL, NULL, NULL, NULL, '2015-11-18 04:14:09', NULL),
(5, 41, '6208', '2015-12-07', 'm', 1, 's', '1', 1448431655, NULL, NULL, NULL, NULL, NULL, NULL, NULL, NULL, 0, NULL, NULL, NULL, NULL, NULL, NULL, NULL, '2015-11-20 06:07:35', NULL),
(6, 41, '6208', '2015-12-04', 'e', 2, 's', '1', 1448431731, NULL, NULL, NULL, NULL, NULL, NULL, NULL, NULL, 0, NULL, NULL, NULL, NULL, NULL, NULL, NULL, '2015-11-20 06:08:51', NULL),
(7, 43, '6208', '2015-11-23', 'm', 1, 's', '1', 1448432520, NULL, NULL, NULL, NULL, NULL, NULL, NULL, NULL, 0, NULL, NULL, NULL, NULL, NULL, NULL, NULL, '2015-11-20 06:22:00', NULL),
(8, 44, '6065', '2015-11-24', 'm', 2, 's', '1', 1448441200, NULL, NULL, NULL, NULL, NULL, NULL, NULL, NULL, 0, NULL, NULL, NULL, NULL, NULL, NULL, NULL, '2015-11-20 08:46:40', NULL),
(9, 44, '6064', '2015-11-24', 'm', 2, 's', '1', 1448441209, NULL, NULL, NULL, NULL, NULL, NULL, NULL, NULL, 0, NULL, NULL, NULL, NULL, NULL, NULL, NULL, '2015-11-20 08:46:49', NULL),
(10, 41, '6208', '2015-12-02', 'e', 6, 's', '1', 1448446320, NULL, NULL, NULL, NULL, NULL, NULL, NULL, NULL, 0, NULL, NULL, NULL, NULL, NULL, NULL, NULL, '2015-11-20 10:12:00', NULL),
(11, 41, '6208', '2015-12-03', 'm', 1, 's', '1', 1448446374, NULL, NULL, NULL, NULL, NULL, NULL, NULL, NULL, 0, NULL, NULL, NULL, NULL, NULL, NULL, NULL, '2015-11-20 10:12:54', NULL),
(12, 41, '6208', '2015-12-03', 'e', 6, 'g', '1', 1448446498, NULL, NULL, NULL, NULL, NULL, NULL, NULL, NULL, 0, NULL, NULL, NULL, NULL, NULL, NULL, NULL, '2015-11-20 10:14:58', NULL);

-- --------------------------------------------------------

--
-- Table structure for table `request_quotes`
--

CREATE TABLE IF NOT EXISTS `request_quotes` (
  `quote_id` int(11) unsigned NOT NULL AUTO_INCREMENT,
  `req_id` int(11) unsigned NOT NULL,
  `trainer_id` int(11) unsigned NOT NULL,
  `quote_message` text NOT NULL,
  `quote_price` decimal(10,2) NOT NULL,
  `quote_address` varchar(255) NOT NULL,
  `quote_expiration_date` int(11) NOT NULL,
  `quote_status` int(1) NOT NULL DEFAULT '1' COMMENT '1:open, 2:accepted',
  `quote_created_at` datetime NOT NULL,
  `quote_updated_at` datetime DEFAULT NULL,
  PRIMARY KEY (`quote_id`)
) ENGINE=InnoDB  DEFAULT CHARSET=latin1 AUTO_INCREMENT=4 ;

--
-- Dumping data for table `request_quotes`
--

INSERT INTO `request_quotes` (`quote_id`, `req_id`, `trainer_id`, `quote_message`, `quote_price`, `quote_address`, `quote_expiration_date`, `quote_status`, `quote_created_at`, `quote_updated_at`) VALUES
(1, 1, 19, 'this should be good', '22.00', 'park', 1448126138, 1, '2015-11-16 17:15:38', NULL),
(2, 7, 42, 'Can train you realllllll goood', '25.00', '23 Lillycrap Road', 1448439609, 1, '2015-11-20 08:20:09', NULL),
(3, 5, 42, 'Nah mate, I dont come to that shithole', '30.00', '50 Lillycrap Road', 1448439693, 1, '2015-11-20 08:21:33', NULL);

-- --------------------------------------------------------

--
-- Table structure for table `request_trainer`
--

CREATE TABLE IF NOT EXISTS `request_trainer` (
  `rt_id` int(11) unsigned NOT NULL AUTO_INCREMENT,
  `req_id` int(11) NOT NULL,
  `trainer_id` int(11) NOT NULL,
  PRIMARY KEY (`rt_id`,`req_id`,`trainer_id`),
  UNIQUE KEY `rt_id` (`rt_id`)
) ENGINE=InnoDB  DEFAULT CHARSET=utf8 AUTO_INCREMENT=10 ;

--
-- Dumping data for table `request_trainer`
--

INSERT INTO `request_trainer` (`rt_id`, `req_id`, `trainer_id`) VALUES
(1, 1, 19),
(2, 5, 42),
(3, 5, 42),
(4, 5, 42),
(5, 5, 42),
(6, 7, 42),
(7, 7, 42),
(8, 7, 42),
(9, 7, 42);

-- --------------------------------------------------------

--
-- Table structure for table `services`
--

CREATE TABLE IF NOT EXISTS `services` (
  `service_id` int(11) unsigned NOT NULL AUTO_INCREMENT,
  `service_name` varchar(50) NOT NULL,
  UNIQUE KEY `service_id` (`service_id`)
) ENGINE=InnoDB  DEFAULT CHARSET=latin1 AUTO_INCREMENT=7 ;

--
-- Dumping data for table `services`
--

INSERT INTO `services` (`service_id`, `service_name`) VALUES
(1, 'General Finess'),
(2, 'Weight Management'),
(3, 'High Intensity'),
(4, 'Low Impact'),
(5, 'Strength Building'),
(6, 'Other');

-- --------------------------------------------------------

--
-- Table structure for table `sessions`
--

CREATE TABLE IF NOT EXISTS `sessions` (
  `session_id` varchar(40) NOT NULL DEFAULT '0',
  `ip_address` varchar(45) NOT NULL DEFAULT '0',
  `user_agent` varchar(120) NOT NULL,
  `last_activity` int(10) unsigned NOT NULL DEFAULT '0',
  `user_data` text,
  PRIMARY KEY (`session_id`)
) ENGINE=InnoDB DEFAULT CHARSET=utf8;

-- --------------------------------------------------------

--
-- Table structure for table `settings`
--

CREATE TABLE IF NOT EXISTS `settings` (
  `name` varchar(30) COLLATE utf8_unicode_ci NOT NULL,
  `module` varchar(50) COLLATE utf8_unicode_ci NOT NULL,
  `value` varchar(255) COLLATE utf8_unicode_ci NOT NULL,
  PRIMARY KEY (`name`),
  UNIQUE KEY `unique - name` (`name`),
  KEY `index - name` (`name`)
) ENGINE=InnoDB DEFAULT CHARSET=utf8 COLLATE=utf8_unicode_ci;

--
-- Dumping data for table `settings`
--

INSERT INTO `settings` (`name`, `module`, `value`) VALUES
('auth.remember_length', 'core', '1209600'),
('link.facebook', 'share', 'https://www.facebook.com/'),
('link.googleplus', 'share', 'https://plus.google.com/'),
('link.pinterest', 'share', 'http://www.pinterest.com/'),
('link.twitter', 'share', 'https://twitter.com/'),
('mailpath', 'email', '/usr/sbin/sendmail'),
('mailtype', 'email', 'html'),
('paypal.password', 'paypal', 'ZGQ5PVLTV5XMFD77'),
('paypal.signature', 'paypal', 'AFcWxV21C7fd0v3bYYYRCpSSRl31A6uJB5uLo7TtIFksv6p.q-uAnU0y'),
('paypal.test_mode', 'paypal', '0'),
('paypal.username', 'paypal', 'hillsfitness@msn.com'),
('protocol', 'email', 'mail'),
('sender_email', 'email', 'ben@ptondemand.com.au'),
('site.address', 'core', 'Perth'),
('site.author', 'core', 'scruffydogstudio.com.au'),
('site.copyright', 'core', ''),
('site.description', 'core', 'PT On Demand offers a network of qualified personal trainers throughout Australia. Request a PT for solo personal training, group fitness or Mums with bubs fitness in your area at your favourite location.'),
('site.keywords', 'core', 'Personal Trainer, Request a PT, Offer PT Services, Single or group training, out door training'),
('site.list_limit', 'core', '25'),
('site.show_front_profiler', 'core', '0'),
('site.show_profiler', 'core', '0'),
('site.status', 'core', '1'),
('site.system_email', 'core', 'ben@ptondemand.com.au'),
('site.title', 'core', 'PT On Demand'),
('smtp_host', 'email', 'webcloud85.au.syrahost.com'),
('smtp_pass', 'email', 'b2681afc'),
('smtp_port', 'email', '465'),
('smtp_timeout', 'email', ''),
('smtp_user', 'email', 'ben@ptondemand.com.au');

-- --------------------------------------------------------

--
-- Table structure for table `trainer_area`
--

CREATE TABLE IF NOT EXISTS `trainer_area` (
  `ta_id` int(11) unsigned NOT NULL AUTO_INCREMENT,
  `trainer_id` int(11) unsigned NOT NULL,
  `area_id` int(11) unsigned NOT NULL,
  PRIMARY KEY (`ta_id`,`trainer_id`,`area_id`)
) ENGINE=InnoDB  DEFAULT CHARSET=latin1 AUTO_INCREMENT=42 ;

--
-- Dumping data for table `trainer_area`
--

INSERT INTO `trainer_area` (`ta_id`, `trainer_id`, `area_id`) VALUES
(17, 6, 7),
(18, 6, 134),
(19, 6, 139),
(20, 6, 156),
(25, 12, 9),
(26, 12, 134),
(27, 12, 156),
(28, 12, 362),
(29, 21, 8),
(30, 21, 133),
(31, 21, 156),
(36, 19, 7),
(37, 19, 8),
(38, 19, 133),
(39, 19, 134),
(40, 19, 135),
(41, 19, 156);

-- --------------------------------------------------------

--
-- Table structure for table `trainer_service`
--

CREATE TABLE IF NOT EXISTS `trainer_service` (
  `ts_id` int(11) unsigned NOT NULL AUTO_INCREMENT,
  `trainer_id` int(11) unsigned NOT NULL,
  `service_id` int(11) unsigned NOT NULL,
  PRIMARY KEY (`ts_id`,`trainer_id`,`service_id`)
) ENGINE=InnoDB  DEFAULT CHARSET=latin1 AUTO_INCREMENT=47 ;

--
-- Dumping data for table `trainer_service`
--

INSERT INTO `trainer_service` (`ts_id`, `trainer_id`, `service_id`) VALUES
(42, 19, 1),
(43, 19, 2),
(44, 19, 4),
(45, 19, 5),
(46, 19, 6);

-- --------------------------------------------------------

--
-- Table structure for table `users`
--

CREATE TABLE IF NOT EXISTS `users` (
  `id` int(11) unsigned NOT NULL AUTO_INCREMENT,
  `user_type` enum('a','m','t') NOT NULL DEFAULT 'm',
  `email` varchar(120) NOT NULL,
  `password_hash` varchar(40) NOT NULL,
  `reset_hash` varchar(40) DEFAULT NULL,
  `salt` varchar(7) NOT NULL,
  `full_name` varchar(255) NOT NULL,
  `last_login` datetime NOT NULL DEFAULT '0000-00-00 00:00:00',
  `last_ip` varchar(40) NOT NULL DEFAULT '',
  `created_at` datetime NOT NULL DEFAULT '0000-00-00 00:00:00',
  `updated_at` datetime DEFAULT NULL,
  `deleted` tinyint(1) NOT NULL DEFAULT '0',
  `reset_by` int(10) DEFAULT NULL,
  `fb_id` varchar(50) DEFAULT NULL,
  `phone` varchar(10) DEFAULT NULL,
  `address` varchar(128) DEFAULT NULL,
  `active` tinyint(1) NOT NULL DEFAULT '1',
  `activate_hash` varchar(40) NOT NULL DEFAULT 'xxx',
  `paypal_email` varchar(128) DEFAULT NULL,
  `abn` varchar(12) DEFAULT NULL,
  `avt` varchar(200) DEFAULT NULL,
  `qual34` varchar(256) DEFAULT NULL,
  `qual34_st` char(1) DEFAULT NULL,
  `qualother` varchar(256) DEFAULT NULL,
  `qualother_st` char(1) DEFAULT NULL,
  `pli` varchar(256) DEFAULT NULL,
  `pli_st` char(1) DEFAULT NULL,
  `fae` varchar(256) DEFAULT NULL,
  `fae_st` char(1) DEFAULT NULL,
  `faid` varchar(256) DEFAULT NULL,
  `faid_st` char(1) DEFAULT NULL,
  `cpr` varchar(256) DEFAULT NULL,
  `cpr_st` char(1) DEFAULT NULL,
  PRIMARY KEY (`id`),
  KEY `email` (`email`)
) ENGINE=InnoDB  DEFAULT CHARSET=utf8 AUTO_INCREMENT=45 ;

--
-- Dumping data for table `users`
--

INSERT INTO `users` (`id`, `user_type`, `email`, `password_hash`, `reset_hash`, `salt`, `full_name`, `last_login`, `last_ip`, `created_at`, `updated_at`, `deleted`, `reset_by`, `fb_id`, `phone`, `address`, `active`, `activate_hash`, `paypal_email`, `abn`, `avt`, `qual34`, `qual34_st`, `qualother`, `qualother_st`, `pli`, `pli_st`, `fae`, `fae_st`, `faid`, `faid_st`, `cpr`, `cpr_st`) VALUES
(1, 'a', 'ben@ptondemand.com.au', '4a83064e5e0d76a8bcc4558c156ba95b08f28cb5', 'd96fff1499adda1c8af084294ca7d740934dc045', 'SBTVv1u', 'Ben Littering', '2015-11-22 15:20:59', '106.69.173.79', '0000-00-00 00:00:00', '2015-11-22 15:20:59', 0, 1442439623, NULL, '', '', 1, '', NULL, NULL, 'uploads/photo/45_2015/f4fde2fc2b6e0f86504db9d5de8c9168.png', NULL, NULL, NULL, NULL, NULL, NULL, NULL, NULL, NULL, NULL, NULL, NULL),
(5, 'm', 'tonedefh@yahoo.com', '1b57e0a69e705068e972ce76ea5e52244a779f00', '113a75217794f78103be0fb9ee3db099e5493a5e', 'BOyOJVP', 'Phil', '2015-11-03 13:59:02', '106.69.212.107', '2015-09-24 18:42:35', '2015-11-04 23:50:18', 0, 1446767418, NULL, '0466336189', 'Beechboro, WA', 1, '', NULL, '1231231232', 'uploads/photo/39_2015/d41300252f676149177b737f80dcff02.png', NULL, NULL, NULL, NULL, NULL, NULL, NULL, NULL, NULL, NULL, NULL, NULL),
(15, 'm', 'blitteri@our.ecu.edu.au', '8ed20f2a19fedc8e365dae86e24d0905d3330ec0', NULL, 'b6li6sf', 'BenL', '2015-10-06 11:27:37', '180.216.9.225', '2015-10-06 11:24:25', '2015-11-04 22:02:52', 0, NULL, '0', NULL, NULL, 1, '', 'blitteri@our.ecu.edu.au', NULL, NULL, NULL, NULL, NULL, NULL, NULL, NULL, NULL, NULL, NULL, NULL, NULL, NULL),
(19, 't', 'taranoon5@gmail.com', '799f954a53e5f27eef6daeb947850928e6b47ae1', '', 'Ofc1akD', 'Tara', '2015-11-20 08:30:39', '49.183.130.58', '2015-11-09 17:01:39', '2015-11-20 08:30:39', 0, 0, '0', '', '', 1, '', 'taranoon5@gmail.com', '', 'uploads/photo/46_2015/b7a62836abb7e0b8e3a286af5243e9ea.png', 'uploads/certifications/46_2015/a556efb5eb6a6d136c0a0f741104182e.pdf', 'A', 'uploads/certifications/46_2015/8e5785dea9c2875812b7637fe9e39dd3.pdf', 'A', 'uploads/certifications/46_2015/31040f8d66f99abb50130dc44ee17252.pdf', 'A', NULL, 'A', NULL, 'A', NULL, 'A'),
(39, 'm', 'philnoon1@iinet.net.au', '8c0e495e441ac95134d26df61176c8dbfab828f3', NULL, 'ZGHYAzV', 'phiil', '2015-11-16 13:54:36', '106.69.175.130', '2015-11-16 13:53:04', '2015-11-16 13:54:36', 0, NULL, NULL, NULL, NULL, 1, '', NULL, NULL, NULL, NULL, NULL, NULL, NULL, NULL, NULL, NULL, NULL, NULL, NULL, NULL, NULL),
(40, 't', 'kironnoon@gmail.com', 'fe1c1c8032cfef8093eb1aa7ed599075b2bd51d0', NULL, '3qnkodz', 'kiron', '0000-00-00 00:00:00', '', '2015-11-17 04:37:48', '2015-11-17 04:45:20', 0, NULL, NULL, NULL, NULL, 1, '', NULL, NULL, NULL, NULL, NULL, NULL, NULL, NULL, NULL, NULL, NULL, NULL, NULL, NULL, NULL),
(41, 'm', 'alitterick@bigpond.com', 'e5c046e22f63e8fcf8043d1fd428214442eceb4c', NULL, 'GfmkOmP', 'Mum', '2015-11-20 08:44:24', '1.126.48.251', '2015-11-17 09:20:20', '2015-11-20 08:44:24', 0, NULL, '0', NULL, NULL, 1, '', 'alitterick@bigpond.com', NULL, NULL, NULL, NULL, NULL, NULL, NULL, NULL, NULL, NULL, NULL, NULL, NULL, NULL),
(42, 't', 'hillsfitness@msn.com', '6e88c261a6c87ca20d9ed0b58229d0f6621fe684', NULL, 'IWYSH7S', 'Ben', '2015-11-21 07:28:56', '58.108.92.192', '2015-11-17 12:24:18', '2015-11-21 07:28:56', 0, NULL, '0', '0447271678', '59-61 504 King George Road', 1, '', 'hillsfitness@msn.com', '654165135', NULL, NULL, NULL, NULL, NULL, NULL, NULL, NULL, NULL, NULL, NULL, NULL, NULL),
(43, 'm', 'blair_litterick@live.com', '74de5f7eaaa114d43124f413925fae7addd09fec', NULL, 'Va59tZV', 'Blair', '0000-00-00 00:00:00', '', '2015-11-20 06:21:55', '2015-11-20 06:21:55', 0, NULL, NULL, NULL, NULL, 1, 'ffdb984bdb2ec755958a1a918b103f4bfff90d20', NULL, NULL, NULL, NULL, NULL, NULL, NULL, NULL, NULL, NULL, NULL, NULL, NULL, NULL, NULL),
(44, 'm', 'gabriellevp87@hotmail.com', '99be558beaa16d7fe589e625496ee998999b21cf', NULL, 'XCDs00J', 'Gabrielle', '0000-00-00 00:00:00', '', '2015-11-20 08:46:32', '2015-11-20 08:46:32', 0, NULL, NULL, NULL, NULL, 1, 'fcc4bfa583a674a7e3c84700bdd10f68ceb06d8f', NULL, NULL, NULL, NULL, NULL, NULL, NULL, NULL, NULL, NULL, NULL, NULL, NULL, NULL, NULL);

-- --------------------------------------------------------

--
-- Table structure for table `user_cookies`
--

CREATE TABLE IF NOT EXISTS `user_cookies` (
  `user_id` bigint(20) NOT NULL,
  `token` varchar(128) NOT NULL,
  `created_on` datetime NOT NULL,
  KEY `token` (`token`)
) ENGINE=InnoDB DEFAULT CHARSET=utf8;

/*!40101 SET CHARACTER_SET_CLIENT=@OLD_CHARACTER_SET_CLIENT */;
/*!40101 SET CHARACTER_SET_RESULTS=@OLD_CHARACTER_SET_RESULTS */;
/*!40101 SET COLLATION_CONNECTION=@OLD_COLLATION_CONNECTION */;
